SampleID	CONTIG COUNT	TOTAL LENGTH	MIN	MAX	MEDIAN	MEAN	L50	N50	L90	N90	BUSCO_Complete	BUSCO_Single	BUSCO_Single	BUSCO_Single	BUSCO_Fragmented	BUSCO_Missing	BUSCO_NumGenes	Reads	Mapped_reads	Average_Coverage
Absidia_blakesleeana_NRRL_1300	712	30971560	502	633359	4738	43499.38	70	144737	221	40585	97.6	77.9	77.9	77.9	1.7	0.7	290	6051524	5979630	28.9
Absidia_blakesleeana_NRRL_1301	752	31124115	480	495897	5479	41388.45	73	139129	235	35919	97.9	78.6	78.6	78.6	1.7	0.4	290	8247436	8046930	38.8
Absidia_caerulea_RSA_138+	1795	39893329	1002	170545	15571	22224.70	332	37780	1015	12646	96.9	63.8	63.8	63.8	2.1	1.0	290	7311164	7090314	26.6
Absidia_caerulea_RSA_138-	1550	38623610	1001	205887	16957	24918.46	281	42665	874	13655	96.5	64.8	64.8	64.8	2.4	1.1	290	6429842	6184719	24.0
Absidia_californica_NRRL_2709	1750	36319760	500	387460	1606	20754.15	128	85835	462	18358	96.5	63.1	63.1	63.1	2.1	1.4	290	8061918	7582662	31.3
Absidia_californica_NRRL_2967	1329	36024637	500	488149	4354	27106.57	123	92685	420	21101	96.5	62.4	62.4	62.4	2.1	1.4	290	11182340	10493212	43.7
Absidia_coerulea_NRRL_1310	2296	39688906	500	210848	2954	17286.11	250	50933	802	13740	97.2	63.8	63.8	63.8	1.7	1.1	290	7144504	7041205	26.6
Absidia_coerulea_NRRL_1313	1542	39068819	500	321947	10709	25336.46	200	58593	630	19496	96.9	63.1	63.1	63.1	2.1	1.0	290	11047030	10835255	41.6
Absidia_coerulea_NRRL_1314	2169	38883264	476	240852	9400	17926.82	290	40205	973	12035	97.3	64.5	64.5	64.5	1.7	1.0	290	8057766	7943322	30.6
Absidia_coerulea_NRRL_5926	1773	39058602	500	208191	9650	22029.67	228	55215	734	15100	96.5	62.4	62.4	62.4	2.4	1.1	290	6914776	6805263	26.1
Absidia_coerulea_NRRL_A-26290	1717	39056462	477	220385	9623	22746.92	217	54101	706	16771	96.9	64.8	64.8	64.8	2.1	1.0	290	8693124	8462472	32.5
Absidia_coerulea_NRRL_A-9483	3396	38462228	346	189171	7101	11325.74	528	21875	1738	6815	96.9	63.8	63.8	63.8	2.1	1.0	290	8498952	8312158	32.4
Absidia_corymbifera_Cohn_Saccardo_Trotter_NRRL_1334	378	29825175	1006	1100428	29977	78902.58	42	197953	153	56705	98.3	80.0	80.0	80.0	1.4	0.3	290	12986788	12729911	64.0
Absidia_corymbifera_NRRL_2798	615	30216736	500	1231843	3778	49132.90	41	194187	155	45494	97.9	77.9	77.9	77.9	1.7	0.4	290	7065038	7024165	34.9
Absidia_corymbifera_NRRL_2982	1084	34161325	451	199490	20146	31514.14	183	61340	533	21176	97.2	77.2	77.2	77.2	2.1	0.7	290	14950228	14406338	63.2
Absidia_cuneospora_RSA_623+	590	27530919	988	458662	18446	46662.57	70	118453	240	30635	96.8	83.4	83.4	83.4	2.1	1.1	290	4907338	4737364	25.8
Absidia_cuneospora_RSA_624-	576	27621425	1000	411564	22862	47953.86	79	116207	246	33148	97.6	84.5	84.5	84.5	1.4	1.0	290	5937812	5627941	30.6
Absidia_cylindrospora_NRRL_1341	1498	38430622	496	303006	3436	25654.62	149	79624	478	22539	97.6	63.8	63.8	63.8	1.4	1.0	290	8604976	8392749	32.7
Absidia_cylindrospora_NRRL_1343	2283	40700125	499	285203	2808	17827.47	201	64417	702	13591	96.9	62.1	62.1	62.1	2.1	1.0	290	22785110	21259363	78.3
Absidia_cylindrospora_NRRL_1345	1536	38442431	500	360185	3581	25027.62	149	79313	498	20829	97.5	63.4	63.4	63.4	1.4	1.1	290	7922590	7800155	30.4
Absidia_cylindrospora_NRRL_13891	1931	38978967	500	269590	2621	20185.90	190	69291	596	17990	96.9	61.7	61.7	61.7	2.1	1.0	290	8967530	8684743	33.4
Absidia_cylindrospora_NRRL_3069	2231	39939824	500	332512	3367	17902.21	223	54218	762	13843	96.9	65.2	65.2	65.2	1.7	1.4	290	11259788	10760701	40.4
Absidia_cylindrospora_var._cylindrospora_NRRL_2796	2513	41915259	500	215351	6368	16679.37	291	43112	1039	10607	96.5	57.2	57.2	57.2	2.4	1.1	290	10949224	10487652	37.5
Absidia_cylindrospora_var._nigra_NRRL_3031	1505	40014768	500	426361	7648	26587.89	168	75311	554	18959	96.9	57.6	57.6	57.6	2.1	1.0	290	10581358	9822334	36.8
Absidia_dubia_NRRL_1322	2893	40140808	500	112883	9675	13875.15	473	26941	1423	9949	97.6	65.2	65.2	65.2	1.0	1.4	290	16842184	15811815	59.1
Absidia_glauca_NRRL_1327	2901	40121400	500	157125	9736	13830.20	479	26667	1447	9764	97.9	64.8	64.8	64.8	0.7	1.4	290	7836096	7386161	27.6
Absidia_hyalospora_NRRL_1330	1168	34109233	1002	169847	20754	29203.11	203	55247	580	21034	97.3	77.6	77.6	77.6	2.4	0.3	290	13150968	12590865	55.3
Absidia_inflata_NRRL_6591	6495	47556726	210	95519	2807	7322.05	884	17377	2842	4122	97.3	65.9	65.9	65.9	1.7	1.0	290	23144786	21903690	69.0
Absidia_macrospora_NRRL_5839	2633	40830476	500	171764	5703	15507.21	312	39814	1060	10407	95.2	62.4	62.4	62.4	3.8	1.0	290	8406176	7906974	29.0
Absidia_pseudocylindrospora_NRRL_2984	1333	40866300	1000	357968	17059	30657.39	197	60896	674	16612	95.9	60.7	60.7	60.7	2.4	1.7	290	7817186	7511864	27.5
Absidia_sp._NRRL_A-16789	1583	32135838	934	228190	10432	20300.59	243	43968	723	13810	99.0	79.3	79.3	79.3	0.3	0.7	290	12797838	11778117	55.0
Absidia_spinosa_NRRL_A-13651	2962	42571458	500	234968	4582	14372.54	343	37259	1164	9806	96.5	61.0	61.0	61.0	2.1	1.4	290	10391328	9988489	35.2
Absidia_spinosa_var._azygospora_NRRL_2841	2544	39184623	496	270777	1880	15402.76	174	63840	686	11298	98.3	61.7	61.7	61.7	0.3	1.4	290	12244174	12034218	46.0
Absidia_spinosavar_var._biappendiculata_NRRL_3033	1491	40845988	997	214433	14040	27395.03	205	60971	711	15400	96.2	62.8	62.8	62.8	2.8	1.0	290	7102230	6568800	24.1
Absidia_zychae_NRRL_A-23515	343	20054610	493	529279	14688	58468.25	37	160237	126	49317	95.2	90.7	90.7	90.7	3.8	1.0	290	7909786	7830310	58.5
Actinomucor_elegans_NRRL_1706	2315	34012553	500	231274	4018	14692.25	263	39230	871	10430	98.2	80.3	80.3	80.3	1.0	0.8	290	14343564	6654682	29.3
Actinomucor_sp._NRRL_A-23671	1661	32558114	1000	170494	9986	19601.51	240	43257	756	12655	98.3	78.6	78.6	78.6	1.0	0.7	290	14102018	12850059	59.2
Amylomyces_rouxii_NRRL-A-25885	2692	31484446	1002	98070	5464	11695.56	387	24885	1381	5179	NA	NA	NA	NA	NA	NA	NA	NA	7917654	37.7
Amylomyces_rouxii_NRRL-A-26221	150	568939	1001	19208	2786	3792.93	35	5427	108	1664	NA	NA	NA	NA	NA	NA	NA	NA	1495399	394.1
Amylomyces_rouxii_NRRL_3160	4836	37081541	990	129771	2699	7667.81	584	18285	2513	2504	NA	NA	NA	NA	NA	NA	NA	NA	4602602	18.6
Amylomyces_rouxii_NRRL_5192	2613	35680791	976	175059	5883	13655.11	344	30306	1251	6582	NA	NA	NA	NA	NA	NA	NA	NA	7411635	31.1
Apophysomyces_ossiformis_NRRL_A-21654	1141	34079890	500	588879	2985	29868.44	80	125890	296	27577	97.9	84.1	84.1	84.1	1.0	1.1	290	10858506	10730342	47.2
Apophysomyces_sp._BC1021	2963	35139595	481	243836	1974	11859.47	271	38138	1003	6742	97.3	82.8	82.8	82.8	1.7	1.0	290	14720740	14317183	40.7
Apophysomyces_sp._BC1034	3089	37767649	500	213726	1996	12226.50	270	40376	1028	6869	97.9	83.4	83.4	83.4	1.4	0.7	290	14747150	14316603	37.9
Apophysomyces_sp._BC105	3418	37625439	500	224769	2131	11008.03	291	37420	1218	4934	97.6	83.1	83.1	83.1	1.4	1.0	290	12519514	12139682	32.2
Backusella_circina_NRRL_2446	1725	46173483	280	304786	4740	26767.24	169	85584	577	21054	97.9	70.7	70.7	70.7	1.0	1.1	290	7930678	7623316	24.8
Backusella_circina_NRRL_A-17781	2333	47117597	492	339977	1607	20196.14	172	82178	603	19709	98.6	70.7	70.7	70.7	0.3	1.1	290	9828444	9452722	30.1
Backusella_lamprospora_NRRL_1401	2643	47385077	493	355811	2636	17928.52	247	56728	846	14318	97.6	71.0	71.0	71.0	1.4	1.0	290	10052774	9602124	30.4
Backusella_lamprospora_NRRL_6044+	1353	46249429	1004	378967	14725	34182.87	178	80498	585	21200	97.2	72.4	72.4	72.4	1.4	1.4	290	6917642	6247989	20.3
Basidiobolus_ranarum_AGB5	17197	63246860	785	87532	1847	3677.78	2267	6363	11784	1390	94.1	60.0	60.0	60.0	2.8	3.1	290	NA	17066076	40.6
Basidiobolus_ranarum_AGB5_AAFTF	13758	64998496	760	92976	2351	4724.41	1881	8672	8841	1747	NA	NA	NA	NA	NA	NA	NA	NA	NA	NA
Benjaminiella_youngii_IMI_325629	5625	33985948	490	160601	1392	6041.95	357	28350	2180	1839	98.2	84.8	84.8	84.8	1.0	0.8	290	11534428	10269807	30.2
Blakeslea_trispora_NRRL_2456	3322	31794077	500	200783	1515	9570.76	203	47830	957	4325	97.3	82.8	82.8	82.8	2.1	0.6	290	9557870	9187093	43.3
Blyttiomyces_sp._JEL0837	50	250334	1058	21234	3157	5006.68	10	6787	33	1905	NA	NA	NA	NA	NA	NA	NA	NA	462923	277.3
Chaetocladium_brefeldii_NRRL_1350	6867	32013013	498	62510	1512	4661.86	776	12734	3284	1641	94.5	82.8	82.8	82.8	3.8	1.7	290	17025460	6353984	19.8
Chaetocladium_brefeldii_RSA_1136-	947	29533875	1002	272927	16970	31186.77	143	64597	461	18231	97.6	86.9	86.9	86.9	1.0	1.4	290	6720074	6513237	33.1
Chaetocladium_brefeldii_Tieghem_Le_Monnier_NRRL_2509	3819	34119364	921	73991	3348	8934.11	515	22135	1939	3273	97.3	82.1	82.1	82.1	1.7	1.0	290	10709636	19672986	86.4
Chaetocladium_jonesii_RSA_772	246	1108532	794	24522	2981	4506.23	52	6799	167	1939	NA	NA	NA	NA	NA	NA	NA	NA	1369795	184.4
Choanephora_circinans_NRRL_2546	1930	31054778	993	279154	3325	16090.56	170	54207	669	7053	96.5	84.1	84.1	84.1	1.7	1.8	290	6931302	6087012	29.4
Chytriomyces_hyalinus_ARG085	68	505381	1002	172097	2651	7432.07	5	15267	37	2574	NA	NA	NA	NA	NA	NA	NA	NA	1615575	479.1
Chytriomyces_hyalinus_ARG121	2059	35798036	690	456354	4581	17386.13	141	63992	801	6926	NA	NA	NA	NA	NA	NA	NA	NA	7561119	31.6
Chytriomyces_hyalinus_JEL0117	11146	27018512	959	132074	1728	2424.05	2617	2587	8718	1244	NA	NA	NA	NA	NA	NA	NA	NA	4782370	26.5
Chytriomyces_hyalinus_JEL0176	49	494250	1005	198941	4788	10086.73	3	17456	28	4009	NA	NA	NA	NA	NA	NA	NA	NA	1157124	351.1
Chytriomyces_hyalinus_JEL0345	3099	30618439	1000	478138	2172	9880.10	118	64374	1217	2764	NA	NA	NA	NA	NA	NA	NA	NA	5760142	28.1
Circinella_angarensis_NRRL_1594	4396	46885989	482	279699	1539	10665.60	249	53003	1154	5154	83.1	71.7	71.7	71.7	5.9	11.0	290	7875700	7607567	24.3
Circinella_angarensis_NRRL_2410	1500	42475541	500	524282	2599	28317.03	106	121343	385	26482	98.3	83.8	83.8	83.8	1.4	0.3	290	15973168	13981267	49.3
Circinella_angarensis_RSA_198+	1031	41839348	1003	553159	14697	40581.33	122	102057	416	26734	98.3	85.2	85.2	85.2	1.0	0.7	290	9764272	9213389	33.0
Circinella_angarensis_RSA_618-	1241	41810183	1001	452947	10035	33690.72	134	94425	479	21131	97.6	85.5	85.5	85.5	2.1	0.3	290	8323186	7249317	26.0
Circinella_chinensis_CBS_150.53	2000	34670579	375	254627	2829	17335.29	197	53186	661	13451	96.6	82.8	82.8	82.8	2.8	0.6	290	14732200	13829357	39.8
Circinella_chinensis_NRRL_2415	1016	42825393	500	1363722	1818	42150.98	51	258781	188	53440	97.6	84.8	84.8	84.8	1.7	0.7	290	6008018	5685030	19.9
Circinella_minor_CBS_143.56	11717	85084731	500	119179	3042	7261.65	1434	17045	5465	3579	90.7	42.1	42.1	42.1	8.3	1.0	290	16491782	15574841	18.3
Circinella_minor_NRRL_1365	3967	44765467	500	185274	2932	11284.46	371	34755	1474	5731	96.5	84.8	84.8	84.8	3.1	0.4	290	7378910	7155559	23.8
Circinella_mucoroides_NRRL_1354	706	42725932	500	1124373	3924	60518.32	50	268502	175	59195	98.3	85.5	85.5	85.5	1.0	0.7	290	20059126	19153596	67.2
Circinella_muscae_CBS_107.13T	1794	41619114	1000	264651	11102	23199.06	241	51050	841	12616	97.6	87.6	87.6	87.6	2.1	0.3	290	4710552	4417610	15.9
Circinella_muscae_NRRL_1352	1604	42149080	481	452775	2964	26277.48	131	99143	456	22920	97.9	84.8	84.8	84.8	1.7	0.4	290	8285304	7953747	28.3
Circinella_muscae_NRRL_1355	11618	82612988	500	98142	3579	7110.78	1663	15113	5776	3628	85.9	46.6	46.6	46.6	13.1	1.0	290	6883950	6697598	12.2
Circinella_muscae_NRRL_1356	1338	42250089	501	426144	2718	31577.05	101	129004	351	30120	98.6	85.5	85.5	85.5	1.0	0.4	290	12312116	11755510	41.7
Circinella_muscae_NRRL_1357	5869	46130463	349	167816	2113	7860.02	524	24946	2324	3434	94.8	81.4	81.4	81.4	3.4	1.8	290	9055528	8716310	28.3
Circinella_muscae_NRRL_1360	5625	33980773	490	160605	1392	6041.03	357	28304	2180	1837	97.9	84.5	84.5	84.5	1.4	0.7	290	6412430	177214	0.8
Circinella_muscae_NRRL_1362	6939	83650970	500	143433	4698	12055.19	877	29658	2928	7473	92.5	36.6	36.6	36.6	5.9	1.6	290	8910940	8648537	15.5
Circinella_muscae_NRRL_1363	7837	83245122	489	147852	4446	10622.06	1013	25607	3424	6247	90.0	40.0	40.0	40.0	9.3	0.7	290	8001710	7805129	14.1
Circinella_muscae_NRRL_1364	1436	42576904	456	522640	2510	29649.65	109	123519	375	28465	98.6	84.5	84.5	84.5	1.0	0.4	290	8329076	7904817	27.8
Circinella_muscae_NRRL_1367	1732	42168344	500	457311	3664	24346.62	146	87780	532	18870	97.9	84.5	84.5	84.5	1.7	0.4	290	9290818	8887822	31.6
Circinella_muscae_NRRL_2403	9733	83119366	500	97226	4112	8539.95	1328	18915	4634	4580	91.1	45.9	45.9	45.9	7.9	1.0	290	7602904	7325702	13.2
Circinella_rigida_NRRL_2341	2898	33507585	470	310890	1492	11562.31	192	50321	758	7529	97.6	81.4	81.4	81.4	1.7	0.7	290	19512258	18152078	81.2
Circinella_simplex_CBS_142.35	4321	46135627	500	212724	1436	10677.07	365	36336	1360	7662	97.9	80.3	80.3	80.3	1.0	1.1	290	10767732	9217360	20.0
Circinella_simplex_van_Tieghem_NRRL_2407	1547	37119569	1000	315011	1708	23994.55	127	89801	419	24951	97.9	80.7	80.7	80.7	1.0	1.1	290	14987162	14112399	57.0
Circinella_tenella_NRRL_A-23557	582	31895459	1001	776127	16986	54803.19	62	167455	218	37428	96.6	77.6	77.6	77.6	2.8	0.6	290	15064492	14443955	67.8
Circinella_umbellata_NRRL_1366	5593	45830108	481	138040	2392	8194.19	557	23866	2276	3796	94.8	81.7	81.7	81.7	4.1	1.1	290	6619282	6465022	21.1
Circinella_umbellata_RSA_505+	4850	43829280	1000	129934	3731	9036.96	559	21104	2571	3399	93.1	82.4	82.4	82.4	6.2	0.7	290	4320382	3998569	13.7
Circinomucor_circinelloides_NRRL_22899	1776	31899835	810	147488	10000	17961.62	274	37730	831	12176	98.3	79.3	79.3	79.3	1.0	0.7	290	4962100	4141016	19.5
Coemansia_aciculifera_BCRC_34181	4649	12797631	991	159975	1721	2752.77	867	3288	3502	1263	NA	NA	NA	NA	NA	NA	NA	NA	5533229	64.8
Coemansia_aciculifera_NRRL_2694	5107	14096441	932	222061	1638	2760.22	860	3388	3822	1222	NA	NA	NA	NA	NA	NA	NA	NA	3641019	38.7
Coemansia_aciculifera_RSA_476	4970	14544597	935	237946	1707	2926.48	820	3823	3659	1262	NA	NA	NA	NA	NA	NA	NA	NA	3791648	39.1
Coemansia_asiatica_BCRC_34628	4927	14675238	982	96627	1781	2978.53	888	4098	3614	1280	76.2	75.2	75.2	75.2	13.1	10.7	290	8054614	6545653	66.9
Coemansia_asiatica_NBRC_105413	961	17469373	1002	182668	8458	18178.33	125	41895	454	9612	96.2	95.2	95.2	95.2	2.4	1.4	290	NA	28115143	241.4
Coemansia_biformis_BCRC_34381	4390	18312338	975	299900	2265	4171.38	658	6682	2945	1620	87.6	85.5	85.5	85.5	7.2	5.2	290	NA	34570229	283.2
Coemansia_erecta_BCRC_34228	5170	18719236	995	119583	2400	3620.74	1030	4787	3708	1627	NA	NA	NA	NA	NA	NA	NA	NA	4547607	36.2
Coemansia_erecta_NBRC_32514	1165	18455967	1001	298937	4738	15842.03	125	44358	482	7122	95.8	94.1	94.1	94.1	2.4	1.8	290	NA	37275181	303.0
Coemansia_formosensis_NRRL_5531T	5968	18991461	1000	133031	2168	3182.22	1285	4150	4390	1454	68.9	67.2	67.2	67.2	23.1	8.0	290	6650280	5839743	46.1
Coemansia_furcata_BCRC_34190	5496	17453606	1000	118804	1935	3175.69	948	4053	4010	1388	NA	NA	NA	NA	NA	NA	NA	NA	4998972	42.9
Coemansia_interrupta_BCRC_34489	5593	18281783	986	305423	2195	3268.69	1133	4258	4076	1465	NA	NA	NA	NA	NA	NA	NA	NA	6882610	56.1
Coemansia_linderi_BCRC_34191	4545	13189536	1000	83968	1744	2901.99	809	3791	3364	1278	NA	NA	NA	NA	NA	NA	NA	NA	4035231	45.9
Coemansia_pectinata_BCRC_34297	2316	17253351	983	175485	2702	7449.63	219	20220	1182	2595	NA	NA	NA	NA	NA	NA	NA	NA	5936349	51.4
Coemansia_sp._BCRC_34301	1121	14520188	1001	250695	4729	12952.89	114	33953	491	6096	NA	NA	NA	NA	NA	NA	NA	NA	5130502	53.0
Coemansia_sp._Benny_D115	461	18365935	1007	292827	22603	39839.34	65	85888	219	24736	NA	NA	NA	NA	NA	NA	NA	NA	5296437	43.2
Coemansia_sp._Benny_D160-2	2082	18100877	1000	113177	4496	8693.99	296	17159	1143	3788	94.8	93.1	93.1	93.1	3.8	1.4	290	NA	21697684	179.8
Coemansia_sp._IMI_203386	2281	16353261	995	337644	2048	7169.34	132	23986	1106	2140	85.2	84.5	84.5	84.5	6.9	7.9	290	6925674	6296283	57.7
Coemansia_sp._IMI_209127	4663	17488867	1000	147763	2199	3750.56	775	5556	3235	1523	86.9	84.5	84.5	84.5	6.9	6.2	290	NA	22553783	193.4
Coemansia_sp._RSA_1086	613	13277823	1002	286157	9804	21660.40	76	50201	284	11142	92.1	89.7	89.7	89.7	3.4	4.5	290	NA	36045821	407.2
Coemansia_sp._RSA_1285	4910	23306479	1001	176561	3043	4746.74	902	7066	3292	2067	NA	NA	NA	NA	NA	NA	NA	NA	4737672	30.4
Coemansia_sp._RSA_1286	5368	16056258	988	194195	1660	2991.11	651	3354	3949	1285	NA	NA	NA	NA	NA	NA	NA	NA	5594121	51.9
Coemansia_sp._RSA_1358	276	18712786	1009	559051	27614	67799.95	32	195127	111	42364	NA	NA	NA	NA	NA	NA	NA	NA	5682851	45.5
Coemansia_sp._RSA_1591	4563	15478803	985	115906	2040	3392.24	803	4773	3265	1435	81.4	79.3	79.3	79.3	13.1	5.5	290	NA	27960266	271.0
Coemansia_sp._RSA_1646	503	18517204	500	529050	3472	36813.53	36	157083	129	31603	96.5	94.8	94.8	94.8	2.1	1.4	290	19055342	18901354	153.1
Coemansia_sp._RSA_1694	5203	12725477	1000	124381	1711	2445.80	1198	2695	4048	1226	NA	NA	NA	NA	NA	NA	NA	NA	4985841	58.7
Coemansia_sp._RSA_1721	3791	20574439	997	309819	2903	5427.18	473	8420	2397	2160	NA	NA	NA	NA	NA	NA	NA	NA	5340073	38.9
Coemansia_sp._RSA_1752	4595	15436613	977	77114	2039	3359.44	815	4736	3295	1426	80.7	78.3	78.3	78.3	13.8	5.5	290	NA	26859579	261.0
Coemansia_sp._RSA_1804	5729	28953775	500	266500	878	5053.90	496	16045	2085	2352	96.2	54.5	54.5	54.5	2.1	1.7	290	16185452	16014302	82.9
Coemansia_sp._RSA_1807	3552	14297212	995	205930	2527	4025.12	647	5817	2433	1685	NA	NA	NA	NA	NA	NA	NA	NA	12104738	126.8
Coemansia_sp._RSA_1821	530	13284044	1004	314820	9605	25064.23	59	70568	226	13273	92.7	90.3	90.3	90.3	3.1	4.2	290	NA	30604356	345.6
Coemansia_sp._RSA_1822	578	15761536	1001	276179	8887	27269.09	68	69790	232	17693	NA	NA	NA	NA	NA	NA	NA	NA	4499981	42.7
Coemansia_sp._RSA_1824	4149	15369191	935	190056	2084	3704.31	641	5638	2879	1474	83.1	81.0	81.0	81.0	11.4	5.5	290	NA	29072264	283.7
Coemansia_sp._RSA_1836	5254	12012771	1000	176301	1593	2286.40	1229	2466	4139	1173	55.9	55.2	55.2	55.2	25.5	18.6	290	NA	4587956	57.3
Coemansia_sp._RSA_1843	604	18625281	1000	633167	7941	30836.56	52	90836	219	17802	95.5	94.1	94.1	94.1	3.1	1.4	290	NA	38178020	307.5
Coemansia_sp._RSA_1853	597	15685644	1000	342222	8601	26274.11	64	66858	242	14691	NA	NA	NA	NA	NA	NA	NA	NA	6183211	58.4
Coemansia_sp._RSA_1933	6361	19072911	494	112256	1222	2998.41	837	6518	3448	1011	89.3	88.6	88.6	88.6	8.3	2.4	290	17732022	17273534	135.8
Coemansia_sp._RSA_1937	4511	11462741	1000	180052	1634	2541.06	869	2763	3469	1220	NA	NA	NA	NA	NA	NA	NA	NA	4755185	61.4
Coemansia_sp._RSA_1938	4575	15461038	988	115904	2057	3379.46	819	4736	3278	1429	80.7	79.0	79.0	79.0	13.1	6.2	290	NA	30480979	295.7
Coemansia_sp._RSA_1972	453	15926144	1001	272397	14427	35157.05	60	93516	191	21154	NA	NA	NA	NA	NA	NA	NA	NA	7524245	70.0
Coemansia_sp._RSA_2049	4972	23581859	995	121853	3094	4742.93	930	7021	3324	2049	NA	NA	NA	NA	NA	NA	NA	NA	5185619	32.9
Coemansia_sp._RSA_2167	3925	15234557	1000	138839	2095	3881.42	548	5958	2667	1498	84.5	82.1	82.1	82.1	9.7	5.8	290	NA	26768785	263.6
Coemansia_sp._RSA_2320	3481	16475193	500	185025	1397	4732.89	262	14812	1694	1445	92.8	90.7	90.7	90.7	5.9	1.3	290	16792224	16434143	149.6
Coemansia_sp._RSA_2322	2679	14631441	1000	120390	2172	5461.53	305	11609	1535	1785	NA	NA	NA	NA	NA	NA	NA	NA	4971144	50.9
Coemansia_sp._RSA_2336	4930	13944452	500	327631	1469	2828.49	703	4604	3167	1063	86.2	84.1	84.1	84.1	11.0	2.8	290	18371074	17851389	191.9
Coemansia_sp._RSA_2337	4953	22137229	997	168562	2876	4469.46	919	6549	3364	1925	NA	NA	NA	NA	NA	NA	NA	NA	4343519	29.4
Coemansia_sp._RSA_2399	4415	17604318	982	147627	2250	3987.39	697	6222	3001	1574	86.2	84.5	84.5	84.5	8.6	5.2	290	NA	29767959	253.6
Coemansia_sp._RSA_2424	4558	21117830	994	43565	3172	4633.14	938	6923	3082	2071	NA	NA	NA	NA	NA	NA	NA	NA	5046443	35.8
Coemansia_sp._RSA_25	5495	11801464	938	138242	1579	2147.67	1408	2270	4401	1169	48.6	48.3	48.3	48.3	30.3	21.1	290	NA	3983384	50.5
Coemansia_sp._RSA_2523	3822	15481446	984	299320	2094	4050.61	496	6513	2561	1532	85.2	82.1	82.1	82.1	9.3	5.5	290	NA	29861235	289.3
Coemansia_sp._RSA_2524	4583	12454215	1000	220914	1618	2717.48	736	3052	3457	1234	NA	NA	NA	NA	NA	NA	NA	NA	4049500	48.5
Coemansia_sp._RSA_2530	2764	14569142	1000	122423	2150	5271.04	303	11450	1630	1774	NA	NA	NA	NA	NA	NA	NA	NA	5554312	57.2
Coemansia_sp._RSA_2531	7269	17531268	997	158247	1839	2411.79	1908	2702	5713	1269	NA	NA	NA	NA	NA	NA	NA	NA	2091734	17.9
Coemansia_sp._RSA_2559	4714	18424749	990	119466	2588	3908.52	909	5335	3312	1717	NA	NA	NA	NA	NA	NA	NA	NA	4999763	40.7
Coemansia_sp._RSA_2598	7123	18212431	978	171292	1747	2556.85	1583	2952	5492	1242	81.0	78.6	78.6	78.6	10.0	9.0	290	NA	29708972	244.7
Coemansia_sp._RSA_2599	6580	18218183	978	327207	1745	2768.72	1241	3271	4959	1260	82.7	80.3	80.3	80.3	9.0	8.3	290	NA	39944479	328.9
Coemansia_sp._RSA_2603	5914	17785490	996	70336	2084	3007.35	1286	3768	4402	1399	NA	NA	NA	NA	NA	NA	NA	NA	3590892	30.3
Coemansia_sp._RSA_2618	4245	17413095	1000	347085	2690	4102.02	787	5765	2924	1776	NA	NA	NA	NA	NA	NA	NA	NA	12170475	104.7
Coemansia_sp._RSA_2671	4551	13381493	1000	189517	1754	2940.34	708	3460	3369	1296	NA	NA	NA	NA	NA	NA	NA	NA	4367392	48.9
Coemansia_sp._RSA_2673	6953	23525967	1000	42526	2215	3383.57	1434	4812	4987	1459	NA	NA	NA	NA	NA	NA	NA	NA	3791395	24.2
Coemansia_sp._RSA_2675	2356	15875907	976	139693	2679	6738.50	253	15087	1310	2344	93.8	92.4	92.4	92.4	3.8	2.4	290	NA	27792237	262.6
Coemansia_sp._RSA_2681	5478	14274763	984	73786	1867	2605.83	1302	3056	4218	1295	NA	NA	NA	NA	NA	NA	NA	NA	4787271	50.3
Coemansia_sp._RSA_2703	7547	22002480	985	46665	1795	2915.39	1398	3705	5623	1308	60.0	48.3	48.3	48.3	22.8	17.2	290	NA	35260248	240.4
Coemansia_sp._RSA_2708	6294	17240045	966	75733	1839	2739.12	1358	3423	4773	1285	76.2	71.7	71.7	71.7	12.4	11.4	290	NA	29995573	261.0
Coemansia_sp._RSA_2711	5815	16975802	1000	105130	1914	2919.31	1208	3735	4346	1336	78.6	75.2	75.2	75.2	11.0	10.4	290	NA	34411300	304.1
Coemansia_sp._RSA_370	3240	14537078	955	193193	2572	4486.75	510	6915	2144	1788	NA	NA	NA	NA	NA	NA	NA	NA	15619995	160.9
Coemansia_sp._RSA_376	5159	21863217	988	266207	2744	4237.88	954	5946	3536	1812	NA	NA	NA	NA	NA	NA	NA	NA	5543438	37.9
Coemansia_sp._RSA_451	5289	16145947	500	167821	1511	3052.74	766	5631	3235	1094	87.9	86.2	86.2	86.2	10.7	1.4	290	17951116	17651734	163.9
Coemansia_sp._RSA_454	4104	12838035	1000	192381	1672	3128.18	462	3793	2971	1289	NA	NA	NA	NA	NA	NA	NA	NA	4513638	52.3
Coemansia_sp._RSA_455	4904	21211611	999	268415	2742	4325.37	902	6130	3344	1853	NA	NA	NA	NA	NA	NA	NA	NA	4686019	33.1
Coemansia_sp._RSA_475	4712	12831370	751	266633	1701	2723.13	844	3039	3562	1249	NA	NA	NA	NA	NA	NA	NA	NA	4410272	51.4
Coemansia_sp._RSA_486	7408	26978175	1000	205398	2154	3641.76	1239	5084	5231	1523	55.5	34.5	34.5	34.5	26.6	17.9	290	NA	42783463	237.9
Coemansia_sp._RSA_487	534	18528264	500	515472	2621	34697.12	38	146810	130	34916	96.5	94.8	94.8	94.8	2.1	1.4	290	24715208	24493264	198.3
Coemansia_sp._RSA_518	4792	16268347	500	231404	1495	3394.90	604	6636	2747	1187	87.6	84.8	84.8	84.8	10.7	1.7	290	25620824	25074224	231.1
Coemansia_sp._RSA_530	4730	12231019	990	222869	1670	2585.84	924	2852	3622	1233	NA	NA	NA	NA	NA	NA	NA	NA	5373285	65.3
Coemansia_sp._RSA_532	5302	16333512	500	229142	1339	3080.63	649	6033	3139	1047	84.5	81.4	81.4	81.4	13.8	1.7	290	19915488	19546719	179.4
Coemansia_sp._RSA_551	4490	12527413	843	397276	1643	2790.07	683	3017	3365	1246	NA	NA	NA	NA	NA	NA	NA	NA	3944073	46.9
Coemansia_sp._RSA_552	4325	14050470	991	198617	1986	3248.66	695	3809	3148	1428	NA	NA	NA	NA	NA	NA	NA	NA	5372319	57.2
Coemansia_sp._RSA_560	4734	12853868	992	116937	1885	2715.22	1048	3184	3603	1304	NA	NA	NA	NA	NA	NA	NA	NA	7173926	83.0
Coemansia_sp._RSA_562	2996	14488353	1000	343730	2420	4835.90	323	7633	1905	1793	NA	NA	NA	NA	NA	NA	NA	NA	12352674	127.7
Coemansia_sp._RSA_638	638	15933366	1023	306026	8251	24973.93	69	65747	255	15195	95.2	91.4	91.4	91.4	2.8	2.0	290	NA	34540314	325.2
Coemansia_sp._RSA_788	4870	12598203	989	212347	1712	2586.90	978	2763	3746	1255	NA	NA	NA	NA	NA	NA	NA	NA	3685360	43.8
Coemansia_sp._RSA_921	4465	12410153	1000	276829	1702	2779.43	762	3092	3362	1275	NA	NA	NA	NA	NA	NA	NA	NA	4827547	57.9
Coemansia_sp._RSA_989	505	13289729	1003	286360	9773	26316.30	59	70653	213	14872	94.1	91.0	91.0	91.0	1.7	4.2	290	NA	36281768	409.5
Coemansia_sp._RSA_990	495	13259898	1000	286942	9445	26787.67	56	73889	207	15077	93.8	91.0	91.0	91.0	2.8	3.4	290	NA	33967744	384.3
Coemansia_sp._S100	4315	23706832	997	158274	3577	5494.05	815	8429	2832	2418	NA	NA	NA	NA	NA	NA	NA	NA	5632804	35.6
Coemansia_sp._S142-1	6017	21815771	998	88432	2538	3625.69	1304	4919	4322	1652	NA	NA	NA	NA	NA	NA	NA	NA	3311704	22.8
Coemansia_sp._S146	495	18007021	1005	282721	16184	36377.82	65	87686	218	22239	NA	NA	NA	NA	NA	NA	NA	NA	6533179	54.3
Coemansia_sp._S155-1	4201	24143889	1000	64746	3760	5747.18	802	9070	2713	2488	NA	NA	NA	NA	NA	NA	NA	NA	5987138	37.2
Coemansia_sp._S17	8895	29291657	1000	68208	2160	3293.05	1811	4528	6454	1451	48.7	15.9	15.9	15.9	28.3	23.0	290	NA	30038048	153.8
Coemansia_sp._S2	5632	21826792	1000	61706	2681	3875.50	1191	5366	3978	1751	NA	NA	NA	NA	NA	NA	NA	NA	3855012	26.5
Coemansia_sp._S680	1957	16763154	1000	258627	2943	8565.74	189	21165	937	3210	NA	NA	NA	NA	NA	NA	NA	NA	5216468	46.4
Coemansia_sp._S85	5717	15087663	1000	100124	2034	2639.09	1495	3127	4424	1359	NA	NA	NA	NA	NA	NA	NA	NA	3724924	37.0
Coemansia_spiralis_NRRL_3115	306	18698638	1018	482529	26216	61106.66	34	166849	127	36949	NA	NA	NA	NA	NA	NA	NA	NA	5479712	43.9
Coemansia_thaxteri_IMI_214463	2470	14781496	1000	132459	2396	5984.41	290	12732	1352	2005	NA	NA	NA	NA	NA	NA	NA	NA	5380571	54.6
Coemansia_umbellata_BCRC_34882	478	18716323	502	838008	3855	39155.49	35	157815	134	36615	96.2	94.8	94.8	94.8	2.4	1.4	290	49255050	48385547	258.5
Conidiobolus_antarcticus_ARSEF_6913	2778	84309531	500	338257	14985	30349.00	378	68532	1289	17459	94.8	94.1	94.1	94.1	0.7	4.5	290	16150346	15935275	28.3
Conidiobolus_firmipilleus_ARSEF_2731	20485	35834536	497	210346	1080	1749.31	3654	2273	14762	763	59.3	57.6	57.6	57.6	34.5	6.2	290	17023760	14512654	40.5
Conidiobolus_heterosporus_ARSEF_6386	6612	43960289	500	246000	2338	6648.56	770	16756	2780	3719	86.2	50.7	50.7	50.7	7.2	6.6	290	22383790	22056683	50.2
Conidiobolus_lamprauges_ARSEF_2338	10682	40661900	500	49846	1380	3806.58	1369	9120	5169	1532	91.0	60.3	60.3	60.3	5.9	3.1	290	22126758	21447317	52.7
Conidiobolus_lamprauges_NRRL_1229	7570	54280948	500	115386	2682	7170.53	907	17479	3350	3655	89.0	36.9	36.9	36.9	7.2	3.8	290	16933906	16797587	46.4
Conidiobolus_megalotocus_ARSEF_8428	19345	39724521	494	53457	1173	2053.48	3134	3083	13289	835	83.1	81.4	81.4	81.4	13.4	3.5	290	19787796	18048378	45.4
Conidiobolus_megalotocus_NRRL_3011	7449	72552937	395	236131	2564	9739.96	702	28875	2796	5534	80.4	30.7	30.7	30.7	14.5	5.1	290	11271876	11099414	22.9
Conidiobolus_osmodes_ARSEF_79	27214	98845627	987	135194	2552	3632.16	5907	4789	19659	1678	41.1	39.7	39.7	39.7	36.9	22.0	290	65200496	59557241	60.2
Conidiobolus_polytocus_NRRL_1231	934	28972160	324	507709	2822	31019.44	72	126006	238	29487	92.8	90.0	90.0	90.0	4.8	2.4	290	7886908	7828149	40.5
Conidiobolus_pumilus_ARSEF_6383.masurca	41819	318123097	201	103089	4917	7607.14	7040	13301	23538	4027	79.3	63.4	63.4	63.4	7.9	12.8	290	375323648	360782240	160.1
Conidiobolus_rhysosporus_ARSEF_448	9119	100432955	500	180391	4651	11013.59	1080	26159	4092	6048	91.0	46.2	46.2	46.2	5.2	3.8	290	19035940	18715944	18.6
Conidiobolus_rhysosporus_NRRL_1225	10597	102004316	500	188672	5077	9625.77	1377	20331	5238	5200	93.8	44.8	44.8	44.8	2.8	3.4	290	10627948	10515174	15.5
Conidiobolus_sp._NRRL_29146	19453	66637341	914	154820	2199	3425.56	3732	4725	13958	1486	56.2	47.2	47.2	47.2	30.0	13.8	290	11085050	10207966	23.0
Conidiobolus_thromboides_ARSEF_4968	1115	24493771	500	434174	6178	21967.51	115	62442	414	14738	94.4	93.4	93.4	93.4	1.7	3.9	290	19670234	19511441	79.6
Conidiobolus_thromboides_NRRL_1224	4516	40070971	500	322256	3066	8873.11	439	23569	1867	4736	89.6	55.5	55.5	55.5	6.2	4.2	290	9111312	9050481	33.9
Cunninghamella_antarctica_NRRL_6534	1234	29555219	508	212967	13022	23950.74	187	49032	605	13588	94.9	82.8	82.8	82.8	4.1	1.0	290	18833540	18627735	63.0
Cunninghamella_bertholletiae_NRRL_1376	2707	30836414	1000	125909	7429	11391.36	479	18913	1651	5323	90.4	79.0	79.0	79.0	7.9	1.7	290	14149654	13424387	65.2
Cunninghamella_bertholletiae_NRRL_1377	1192	30166686	1008	187029	15449	25307.62	202	44997	660	12609	93.5	82.8	82.8	82.8	4.8	1.7	290	15829726	15480020	76.9
Cunninghamella_bertholletiae_NRRL_1380	1851	31211963	1010	195573	3839	16862.22	198	48562	695	10764	73.8	61.7	61.7	61.7	2.4	23.8	290	16663626	16259389	78.1
Cunninghamella_brunnea_NRRL_6143	5855	29852420	500	60613	3211	5098.62	1006	8792	3457	2410	85.5	75.2	75.2	75.2	12.1	2.4	290	18087214	17204432	57.6
Cunninghamella_echinulata_NRRL_1384	1311	29325748	1006	224384	14439	22368.99	231	40725	731	11519	95.5	84.5	84.5	84.5	2.8	1.7	290	10812958	10424481	53.3
Cunninghamella_echinulata_NRRL_1385	5574	29035582	1000	40764	3709	5209.11	1186	7450	3822	2423	87.6	76.6	76.6	76.6	11.0	1.4	290	14805224	14173084	73.2
Cunninghamella_echinulata_NRRL_1386	1072	29572316	1000	202855	16955	27586.12	174	53495	562	15557	95.9	83.8	83.8	83.8	3.1	1.0	290	12469808	12012341	60.9
Cunninghamella_echinulata_NRRL_1387	1925	30093739	1000	153795	8952	15633.11	314	30845	1023	7864	94.1	83.4	83.4	83.4	4.5	1.4	290	12510030	12024048	59.8
Cunninghamella_echinulata_RSA_2017+	796	29320821	1002	259323	21863	36835.20	127	70050	423	19845	95.5	84.5	84.5	84.5	3.4	1.1	290	6919352	6673069	34.1
Cunninghamella_echinulata_RSA_2018-	925	29314526	1002	218050	20283	31691.38	160	60126	501	17663	95.2	82.4	82.4	82.4	3.1	1.7	290	6271842	6083108	31.1
Cunninghamella_elegans_NRRL_1388	1917	32390411	1001	159875	10626	16896.41	322	28987	1115	8144	92.0	81.7	81.7	81.7	6.2	1.8	290	12314726	11960931	55.4
Cunninghamella_elegans_NRRL_1390	1936	32492774	1003	175926	10950	16783.46	348	29271	1142	8462	93.1	83.4	83.4	83.4	5.9	1.0	290	17053130	16517766	76.2
Cunninghamella_elegans_NRRL_1391	1788	32709428	1002	143196	11475	18293.86	315	31653	1056	8702	95.2	85.5	85.5	85.5	3.8	1.0	290	12802410	24689207	113.2
Cunninghamella_elegans_NRRL_1392	1913	32532992	1007	143719	10592	17006.27	340	29006	1133	8272	95.2	83.8	83.8	83.8	4.1	0.7	290	16750520	16281687	75.0
Cunninghamella_elegans_NRRL_1393	2010	32407112	1002	121656	10732	16122.94	364	26777	1207	7931	92.1	82.1	82.1	82.1	7.2	0.7	290	18044752	17595792	81.4
Cunninghamella_sp._NRRL_A-21238	1341	29953193	1000	257753	5744	22336.46	146	62899	495	15873	96.9	83.8	83.8	83.8	2.1	1.0	290	13068878	12776387	64.0
Cunninghamella_sp._NRRL_A-21271	1835	29839741	1001	147733	7266	16261.44	255	37803	821	9800	96.2	83.4	83.4	83.4	2.4	1.4	290	14033390	13489002	67.8
Densosporaceae_sp._MVC-580	15256	61907119	970	140833	2192	4057.89	2142	6492	10401	1605	93.8	79.0	79.0	79.0	4.8	1.4	290	NA	31372548	76.0
Dichotomocladium_elegans_NRRL_2754	1743	34029604	500	359133	2165	19523.58	146	68103	506	16851	95.6	76.6	76.6	76.6	3.1	1.3	290	9607390	9215994	40.5
Dichotomocladium_hesseltinei_NRRL_2912T	1605	34733949	1003	235671	8174	21641.09	202	51846	690	12663	97.6	77.9	77.9	77.9	1.4	1.0	290	7762342	7207265	31.1
Dichotomocladium_robustum_RSA_1342	1113	34449418	565	389801	8343	30951.86	122	85339	422	21683	95.1	77.9	77.9	77.9	3.4	1.5	290	6630522	6207959	27.0
Dichotomocladium_sphaerosporum_NRRL_22118	9668	57328119	943	50727	4243	5929.68	2007	8890	6389	2782	90.3	53.4	53.4	53.4	7.2	2.5	290	4483264	3858066	10.1
Dicranophora_fulva_NRRL_22204	192	1048809	1008	36358	3455	5462.55	38	8528	128	2520	NA	NA	NA	NA	NA	NA	NA	NA	1711613	244.1
Dinochytrium_kinnereticum_KLL_TL_06062013	3350	31506839	512	274170	2414	9405.03	221	38694	1451	2958	NA	NA	NA	NA	NA	NA	NA	NA	4900551	23.2
Dipsacomyces_acuminosporus_NRRL_2925	2570	15199616	998	82071	2399	5914.25	295	12785	1431	2018	NA	NA	NA	NA	NA	NA	NA	NA	11841298	115.8
Dissophora_ornata_NRRL_22417	4002	38407782	500	123321	3612	9597.15	467	23711	1785	4772	94.5	82.4	82.4	82.4	4.8	0.7	290	5867312	5726125	14.9
Echinosporangium_transversalis_NRRL_5525	6418	35648639	500	128939	2737	5554.48	864	11602	3467	2373	79.7	71.4	71.4	71.4	12.8	7.5	290	6090224	5814261	16.3
Ellisomyces_anomalus_NRRL_2465+T	1394	31484086	1003	241465	4732	22585.43	151	65333	510	16825	97.6	80.0	80.0	80.0	1.0	1.4	290	5870010	5066755	24.1
Ellisomyces_anomalus_RSA_581-	1321	31548110	1002	314164	4105	23881.99	135	71309	462	18170	97.6	80.0	80.0	80.0	1.4	1.0	290	8302144	7328494	34.8
Entophlyctis_luteolus_JEL0120	54	540824	1001	107124	2099	10015.26	4	50619	21	2854	NA	NA	NA	NA	NA	NA	NA	NA	2431786	674.0
Entophlyctis_luteolus_JEL0129	1317	27697867	997	290265	4656	21031.03	123	68061	478	12723	NA	NA	NA	NA	NA	NA	NA	NA	6618817	35.8
Entophlyctis_sp._JEL0112	1555	26953227	1000	257584	5709	17333.26	155	47868	648	9065	NA	NA	NA	NA	NA	NA	NA	NA	4093651	22.8
Fennellomyces_heterothallicus_RSA_2348	1855	37043406	500	342273	2165	19969.49	122	97530	433	16479	98.3	83.8	83.8	83.8	1.0	0.7	290	54645730	51324447	138.5
Fennellomyces_linderi_NRRL_2342T	1316	38282646	1000	386169	5585	29090.16	129	87574	461	21063	97.2	83.1	83.1	83.1	2.1	0.7	290	5670024	5093906	20.0
Fennellomyces_mexicanussp.nov._RSA_1415+	3450	40209357	958	306211	1890	11654.89	192	61603	1067	3942	97.5	83.4	83.4	83.4	1.4	1.1	290	6677688	5678742	21.2
Fennellomyces_mexicanussp.nov._RSA_1418-	2440	39145631	904	406244	3165	16043.29	173	63734	822	6408	97.2	83.4	83.4	83.4	2.1	0.7	290	6992722	6005869	23.0
Fennellomyces_verticellatus_RSA_2442+	1575	37070146	1000	449395	3482	23536.60	126	85613	462	15853	97.2	83.4	83.4	83.4	1.7	1.1	290	5055834	4610962	18.8
Fennellomyces_verticellatus_RSA_2446	2342	36507853	500	306339	1868	15588.32	158	68118	575	12241	97.2	83.1	83.1	83.1	1.0	1.8	290	9396728	8546264	23.4
Gaertneriomyces_sp._JEL0708	197	20558305	1034	1869936	5108	104356.88	12	558018	40	136441	NA	NA	NA	NA	NA	NA	NA	NA	4683279	34.1
Geranomyces_michiganensis_JEL0563	281	23465000	1001	875245	14904	83505.34	29	276973	93	64760	NA	NA	NA	NA	NA	NA	NA	NA	5006401	31.9
Geranomyces_variabilis_JEL0379	547	23238533	1009	492215	19483	42483.61	74	95458	242	25612	NA	NA	NA	NA	NA	NA	NA	NA	5487323	35.4
Geranomyces_variabilis_JEL0389	176	24135049	1002	1046727	11254	137130.96	17	475954	50	134065	NA	NA	NA	NA	NA	NA	NA	NA	13831800	85.9
Geranomyces_variabilis_JEL0566	307	23485086	1026	794400	29743	76498.65	34	184841	122	58438	NA	NA	NA	NA	NA	NA	NA	NA	8168652	52.2
Gilbertella_persicaria_Eddy_Hesseltine_NRRL_A-13613	1663	23692728	1000	105367	8250	14246.98	262	28978	850	7693	97.9	83.4	83.4	83.4	1.4	0.7	290	13950792	12551330	79.4
Gilbertella_persicariavar.indica_CBS_442.64-	1692	23663501	1000	169191	5031	13985.52	222	33306	747	7681	96.5	83.1	83.1	83.1	2.8	0.7	290	7773652	6582516	41.7
Gilbertella_persicariavar.persicaria_CBS_190.32-T	1099	23539812	1000	201872	10916	21419.30	157	47434	514	13461	95.9	82.1	82.1	82.1	3.8	0.3	290	6898958	6103294	38.9
Gilbertella_persicariavar.persicaria_CBS_246.59+	3325	22121580	1000	86745	3888	6653.11	533	11244	2014	2835	88.3	80.7	80.7	80.7	9.0	2.7	290	1930802	1592887	10.8
Gongronella_butleri_NRRL_1340	1706	33103654	1002	132054	14051	19404.25	318	33840	916	11940	94.5	83.8	83.8	83.8	2.8	2.7	290	17588186	17014881	76.9
Gongronella_butleri_NRRL_A-23795	1357	32682737	1001	182410	16265	24084.55	233	43324	722	14729	95.5	84.5	84.5	84.5	2.8	1.7	290	17896328	17233282	78.9
Gongronella_butleri_NRRL_A-9978	1760	33279248	492	193721	7747	18908.66	240	44024	715	15985	95.5	84.1	84.1	84.1	2.1	2.4	290	10737882	10561322	47.6
Haplosporangium_bisporale_NRRL_A-12553	11106	38988710	500	105785	1297	3510.60	1162	8506	6003	1138	81.7	74.1	74.1	74.1	15.2	3.1	290	5818422	5279923	13.5
Haplosporangium_lignicola_NRRL_2525	4029	35304070	501	100968	4138	8762.49	530	19168	2025	4126	92.8	82.8	82.8	82.8	5.2	2.0	290	5938326	5762080	16.3
Haplosporangium_sp._NRRL_3175	3995	36129123	500	91252	4133	9043.59	515	20648	1928	4407	93.8	85.2	85.2	85.2	4.8	1.4	290	6193882	6085915	16.8
Haplosporangium_sp._NRRL_A-10739	1697	33515068	500	216595	5245	19749.60	182	56943	626	13500	96.2	82.4	82.4	82.4	2.8	1.0	290	5996216	5902764	17.6
Haplosporangium_sp._NRRL_A-10996	1626	33513860	500	304264	5338	20611.23	170	59832	594	14129	95.9	81.4	81.4	81.4	3.1	1.0	290	5876332	5731785	17.1
Helicostylum_lucknowense_NRRL_2892	1826	42035431	1000	338462	5562	23020.50	186	70563	681	12552	97.6	84.8	84.8	84.8	2.1	0.3	290	13618666	12925462	46.1
Helicostylum_lucknowense_NRRL_A-16732	1872	41839329	1001	294066	5409	22350.07	189	70559	691	12551	98.0	85.2	85.2	85.2	1.7	0.3	290	16516394	15982157	57.2
Helicostylum_pulchrum_RSA_2065	947	31876874	1000	423544	18675	33660.90	134	71620	465	19280	97.9	81.0	81.0	81.0	1.4	0.7	290	6783574	6067036	28.5
Helicostylum_sp._NRRL_1397	2745	35036762	1000	139801	5877	12763.85	389	27277	1391	5740	97.3	82.8	82.8	82.8	2.4	0.3	290	16044506	15326446	65.5
Kappamyces_sp._JEL0680	3217	13239202	1000	119288	1889	4115.39	433	7567	2089	1460	NA	NA	NA	NA	NA	NA	NA	NA	5389330	61.0
Kickxella_alabastrina_Benny_63K	4450	30383641	1000	223065	4071	6827.78	738	11062	2766	2884	63.8	26.6	26.6	26.6	21.0	15.2	290	NA	38106190	188.1
Kickxella_alabastrina_RSA_2140	5068	16912514	976	284198	2157	3337.12	936	3985	3693	1506	NA	NA	NA	NA	NA	NA	NA	NA	7363788	65.2
Lichtheimia_corymbifera_NRRL_1592	1588	34738090	451	199499	3541	21875.37	188	62263	538	21324	97.2	77.2	77.2	77.2	2.1	0.7	290	11059230	10925821	47.2
Lichtheimia_corymbifera_NRRL_2981	1707	34983057	500	238634	2658	20493.88	186	62724	539	20753	97.3	75.9	75.9	75.9	2.1	0.6	290	7850248	7654982	32.8
Lichtheimia_corymbifera_NRRL_6379	1719	34401061	500	196452	3077	20012.25	195	58848	573	19231	97.9	77.6	77.6	77.6	1.7	0.4	290	7891610	7655247	33.4
Lichtheimia_corymbifera_NRRL_A-11155	1685	34785965	500	203412	2681	20644.49	186	63018	541	21391	96.9	76.9	76.9	76.9	2.8	0.3	290	6556084	6476642	27.9
Lichtheimia_hyalospora_NRRL_1305	1738	32350022	502	398879	1474	18613.36	87	123932	286	26221	96.9	76.9	76.9	76.9	2.4	0.7	290	8132290	8024892	37.2
Lichtheimia_ramosa_NRRL_1335	21023	44626286	500	81586	935	2122.74	2957	4220	13486	722	72.7	57.9	57.9	57.9	25.2	2.1	290	12198582	11792933	39.6
Lichtheimia_ramosa_NRRL_3208	19790	43001149	492	321847	912	2172.87	2536	4335	12557	724	71.7	58.6	58.6	58.6	23.1	5.2	290	7979848	7703648	26.9
Lichtheimia_sphaerocystis_NRRL_6380	1723	34473892	500	196403	2814	20008.06	198	57383	571	20244	97.9	77.9	77.9	77.9	1.7	0.4	290	9132662	8973663	39.0
Linderina_macrospora_NRRL_5244	7010	15821707	552	106021	1738	2257.02	1893	2469	5573	1221	59.3	57.2	57.2	57.2	24.8	15.9	290	6760770	5347346	50.7
Linderina_pennispora_NRRL_3781	8877	18805443	473	73846	1275	2118.45	1672	3133	6306	891	73.5	72.1	72.1	72.1	25.2	1.3	290	14275456	13885490	110.7
Lobosporangium_transversale_NRRL_3116	6585	35390792	500	70116	2722	5374.46	895	10948	3614	2312	81.4	75.2	75.2	75.2	12.1	6.5	290	5604788	5347160	15.1
Lobulomyces_angularis_JEL0522	1270	24951567	1003	248446	8757	19646.90	164	44442	607	9893	NA	NA	NA	NA	NA	NA	NA	NA	3741708	22.5
Modicella_reniformis_MES-2146	12478	43601601	500	267961	2062	3494.28	2102	5999	7724	1498	81.7	75.5	75.5	75.5	14.5	3.8	290	7926386	7512975	17.2
Mortierella_alpina_AD071	1601	35060002	499	336245	5760	21898.81	164	64418	581	15219	96.8	83.4	83.4	83.4	2.1	1.1	290	4735466	4643860	13.2
Mortierella_alpina_AD072	2684	37282625	500	174171	6707	13890.69	352	30823	1250	7829	95.2	82.8	82.8	82.8	3.4	1.4	290	4219080	4136342	11.1
Mortierella_alpina_CK1249	4026	36285647	500	92935	4968	9012.83	605	18393	2045	4818	94.4	83.4	83.4	83.4	4.5	1.1	290	3158938	3078233	8.5
Mortierella_alpina_GBA31	2501	37238513	500	216994	5988	14889.45	311	36335	1055	9051	96.8	83.4	83.4	83.4	1.7	1.5	290	4615096	4555224	12.2
Mortierella_alpina_NRRL_66262	1181	37714408	500	458088	5288	31934.30	114	101414	381	27606	98.0	81.4	81.4	81.4	0.7	1.3	290	8694832	8542174	34.0
Mortierella_ambigua_BC1065	2284	37923144	498	238780	3660	16603.83	243	48912	814	11834	97.9	96.2	96.2	96.2	1.0	1.1	290	9977518	9762659	25.7
Mortierella_ambigua_BC1291	2279	37574674	500	252519	4804	16487.35	262	44814	873	10900	97.3	95.9	95.9	95.9	2.4	0.3	290	8682254	8489582	22.6
Mortierella_ambigua_NRRL_28271	2034	35146978	500	259283	5340	17279.73	227	47393	800	10107	96.9	94.5	94.5	94.5	2.4	0.7	290	4562010	4484062	12.7
Mortierella_antarctica_KOD_1229	2186	35455509	500	272146	4268	16219.35	226	47442	801	10689	96.5	83.1	83.1	83.1	2.1	1.4	290	4099868	3918664	11.0
Mortierella_beljakovae_KOD_1040	4906	37828604	500	114383	3110	7710.68	598	18574	2280	3694	93.7	83.4	83.4	83.4	3.8	2.5	290	5218076	4969764	13.1
Mortierella_camargensis_NRRL_2610	2797	44900159	491	271031	7635	16052.97	377	36446	1272	9212	96.2	83.1	83.1	83.1	2.1	1.7	290	7287660	7024689	15.6
Mortierella_chlamydospora_AD033	3653	39048271	499	149264	5051	10689.37	479	24358	1732	5676	94.5	82.4	82.4	82.4	3.4	2.1	290	6780788	6611764	16.9
Mortierella_chlamydospora_NRRL_2769	5304	38209812	500	76672	4037	7203.96	810	14167	2867	3480	93.4	83.4	83.4	83.4	4.8	1.8	290	4228160	4107035	10.7
Mortierella_claussenii_NRRL_2760	1499	37458580	500	420875	4815	24989.05	140	82387	501	18372	97.6	83.1	83.1	83.1	1.7	0.7	290	7913184	7682228	30.8
Mortierella_clonocystis_AM1000	2928	41421736	500	208146	6033	14146.77	376	33105	1318	7756	94.8	83.4	83.4	83.4	3.4	1.8	290	5903770	5716630	13.8
Mortierella_clonocystis_KOD_947	3048	39506643	500	157240	5381	12961.50	392	31100	1345	7212	96.5	85.5	85.5	85.5	2.8	0.7	290	5605216	5264676	13.3
Mortierella_cystojenkinii_1230	3044	42943035	291	200391	4581	14107.44	346	37152	1223	8600	95.2	83.8	83.8	83.8	3.8	1.0	290	6413696	6269223	14.6
Mortierella_elongata_GBA34	3514	46924179	501	111933	7016	13353.49	494	28149	1736	7195	95.9	83.8	83.8	83.8	2.8	1.3	290	5979260	5891770	12.6
Mortierella_elongata_GBA40	4256	46808467	500	122649	6079	10998.23	611	22018	2172	5846	94.8	84.8	84.8	84.8	3.8	1.4	290	5255474	5066965	10.8
Mortierella_elongata_NVP5	5336	46032190	500	123362	5213	8626.72	884	15830	2953	4348	92.1	83.1	83.1	83.1	5.9	2.0	290	4755250	4668689	10.1
Mortierella_elongata_NVP71	6092	45603771	500	89460	4818	7485.85	1061	13229	3500	3727	91.0	83.4	83.4	83.4	6.2	2.8	290	5085266	4931489	10.8
Mortierella_epicladia_AD058	3610	40828719	500	181942	6369	11309.89	543	22197	1871	6003	92.7	85.5	85.5	85.5	5.5	1.8	290	4972292	4737523	11.6
Mortierella_epicladia_KOD_1059	2579	38094216	500	152774	7478	14770.93	363	31490	1254	7893	91.4	79.7	79.7	79.7	6.2	2.4	290	4819328	4603129	12.1
Mortierella_epigama_NRRL_5512	3903	32913551	500	81695	5327	8432.89	649	15510	2185	4304	94.4	87.2	87.2	87.2	3.1	2.5	290	4355240	4163854	12.6
Mortierella_exigua_NRRL_28262	5084	48115323	500	123319	4776	9464.07	732	19879	2510	4910	94.5	84.8	84.8	84.8	3.8	1.7	290	4713678	4588016	9.5
Mortierella_gamsii_AD045	3359	49262965	500	305885	6658	14665.96	430	33479	1519	8199	95.5	81.0	81.0	81.0	2.4	2.1	290	6117538	6007396	12.2
Mortierella_gamsii_NVP60	6418	49480766	500	166065	4282	7709.69	967	15258	3367	3881	93.8	85.9	85.9	85.9	4.1	2.1	290	5247794	5079838	10.3
Mortierella_globulifera_AD054	4204	38208522	500	114911	4447	9088.61	560	19603	2122	4369	93.5	80.7	80.7	80.7	4.1	2.4	290	3889606	3832601	10.0
Mortierella_globulifera_REB-010B	2632	39164784	500	200293	5893	14880.24	303	37013	1133	8200	95.9	83.1	83.1	83.1	3.1	1.0	290	6113566	6057477	15.5
Mortierella_horticola_AD009	3587	39961060	500	118901	5989	11140.52	510	23161	1785	6026	92.4	83.8	83.8	83.8	6.9	0.7	290	4400408	4078931	10.2
Mortierella_horticola_CK413	2108	40418669	500	256907	5327	19173.94	222	56369	784	12362	96.9	85.5	85.5	85.5	1.4	1.7	290	6412672	6012945	14.9
Mortierella_humilis_KOD_1050	2079	29168965	554	102834	10992	14030.29	551	16383	1607	7306	79.0	72.8	72.8	72.8	3.8	17.2	290	4800978	3644780	12.5
Mortierella_hyalina_JES_103	7900	59030500	1000	261216	1463	7472.22	427	38014	3170	1679	96.9	78.3	78.3	78.3	1.0	2.1	290	9000132	6916518	17.6
Mortierella_hygrophila_NRRL_2591	1564	46054087	500	535183	2879	29446.35	102	128808	379	27887	97.3	82.1	82.1	82.1	1.0	1.7	290	12167972	11810483	38.5
Mortierella_isabellina_NRRL_A-11333	112	21943882	1164	1391400	119449	195927.52	17	346814	56	119449	98.7	89.7	89.7	89.7	1.0	0.3	290	16514656	16298954	111.4
Mortierella_isabellina_NRRL_A-12504	47	21839248	1072	1750186	315760	464664.85	10	890738	24	315760	96.9	87.9	87.9	87.9	2.4	0.7	290	20292640	19998377	137.3
Mortierella_minutissima_AD069	3215	39396580	500	134544	4516	12253.99	389	30349	1377	6787	95.6	86.6	86.6	86.6	3.1	1.3	290	6047160	5700598	14.5
Mortierella_minutissima_NVP1	3345	39027383	477	132954	4234	11667.38	410	29770	1416	6493	96.2	85.9	85.9	85.9	2.1	1.7	290	5899632	5558191	14.2
Mortierella_multidivaricata_NRRL_6456	3523	36027863	500	118702	4952	10226.47	469	23035	1702	5219	91.4	79.7	79.7	79.7	6.6	2.0	290	4335256	4202662	11.7
Mortierella_ovata_NRRL_13128	503	23699989	1005	471260	27343	47117.27	77	92183	257	26823	97.6	88.3	88.3	88.3	2.1	0.3	290	13473560	13218956	83.6
Mortierella_ovata_Yip_NRRL_13127	2728	37932477	1000	221429	2135	13904.87	229	49467	926	6806	97.6	65.2	65.2	65.2	1.4	1.0	290	15139890	13430072	53.0
Mortierella_parvispora_AD039	4514	46847705	497	104899	5687	10378.31	671	21038	2323	5352	95.2	84.5	84.5	84.5	3.4	1.4	290	5657638	5575541	11.9
Mortierella_polycephala_KOD_948	2595	32627605	500	148289	4233	12573.26	303	31731	1060	7060	95.1	83.4	83.4	83.4	2.4	2.5	290	4119588	4006141	12.3
Mortierella_polygonia_AM948	2012	32830574	500	257963	4305	16317.38	210	45864	749	10475	94.1	81.7	81.7	81.7	3.8	2.1	290	5520184	5365513	16.3
Mortierella_ramannianavar.autotrophica_NRRL_5843T	395	24267205	1004	466149	29067	61435.96	59	139985	174	36029	97.2	87.9	87.9	87.9	1.7	1.1	290	10613034	10422123	64.4
Mortierella_schmuckeri_NRRL_6426	3515	46052497	500	124421	7322	13101.71	542	25996	1797	6936	96.6	85.2	85.2	85.2	2.1	1.3	290	5278776	5191876	11.3
Mortierella_selenospora_KOD_1015	8632	40536107	500	66104	2780	4696.03	1396	8341	5087	2107	87.9	81.7	81.7	81.7	11.7	0.4	290	4084674	3852876	9.5
Mortierella_sp._14UC	2793	45164476	500	223587	6512	16170.60	341	39533	1191	9562	95.5	84.1	84.1	84.1	2.4	2.1	290	5746162	5608186	12.4
Mortierella_sp._KOD_1030	3767	38836819	500	159479	3974	10309.75	457	25173	1638	5653	94.5	85.2	85.2	85.2	4.1	1.4	290	5689172	5126884	13.2
Mortierella_sp_AD010	4436	38565807	500	105019	4067	8693.82	581	18859	2170	4243	94.8	83.1	83.1	83.1	4.5	0.7	290	5762552	5545480	14.4
Mortierella_sp_AD011	4450	38563514	500	120180	4019	8665.96	592	19053	2166	4260	94.8	84.5	84.5	84.5	4.5	0.7	290	5418602	5191145	13.5
Mortierella_sp_AD031	3076	44817182	500	176793	5604	14569.96	364	37102	1316	8028	95.5	85.5	85.5	85.5	2.8	1.7	290	5791674	5597822	12.5
Mortierella_sp_AD032	4189	49302949	500	108262	5304	11769.62	568	26892	1933	6277	95.2	86.9	86.9	86.9	3.1	1.7	290	5234796	5137215	10.4
Mortierella_sp_AD094	5229	43843750	500	149436	3238	8384.73	609	20836	2372	4014	93.4	81.7	81.7	81.7	5.2	1.4	290	6137424	5926940	13.5
Mortierella_sp_AM989	4302	40151908	498	192044	2533	9333.31	404	28934	1656	4626	94.1	80.3	80.3	80.3	3.8	2.1	290	7354498	7152958	17.8
Mortierella_sp_GBA30	1938	36978069	497	204409	6156	19080.53	222	51412	759	12340	95.9	79.3	79.3	79.3	2.4	1.7	290	7007616	6873678	18.6
Mortierella_sp_GBA35	3099	44822097	500	165087	5608	14463.41	382	35220	1321	8311	95.2	85.5	85.5	85.5	3.4	1.4	290	5310730	5051026	11.3
Mortierella_sp_GBA39	4038	50896850	499	190274	4665	12604.47	455	32930	1742	6504	95.8	85.5	85.5	85.5	2.8	1.4	290	5530466	5382340	10.6
Mortierella_sp_GBA43	4063	39248249	500	149293	2139	9659.92	343	33168	1441	4904	96.9	85.2	85.2	85.2	1.7	1.4	290	5167206	4943489	12.6
Mortierella_sp_NVP41	2509	45063994	500	353893	4783	17960.94	266	51498	935	10879	97.2	84.8	84.8	84.8	1.4	1.4	290	6726404	6461858	14.3
Mortierella_sp_NVP85	5178	42817329	490	199404	2911	8269.09	548	21933	2271	3799	95.2	83.8	83.8	83.8	3.8	1.0	290	5829352	5665967	13.2
Mortierella_verticillata_AD079	3481	39719752	500	131992	5436	11410.44	475	24790	1658	6074	94.8	84.1	84.1	84.1	3.8	1.4	290	6350710	5920518	14.9
Mortierella_verticillata_NRRL_2611	3118	39895005	500	185175	5614	12795.06	402	29432	1410	7112	96.9	85.5	85.5	85.5	2.4	0.7	290	4977634	4731375	11.9
Mortierella_verticillata_TTC192	3609	42068474	500	260596	5928	11656.55	509	24172	1756	6356	93.4	83.1	83.1	83.1	5.5	1.1	290	5766742	5501380	13.1
Mortierella_wolfii_NRRL_6351	1180	34232935	493	534714	5458	29010.96	113	93672	394	22087	98.3	96.2	96.2	96.2	1.4	0.3	290	5107212	5045590	14.7
Mortierella_wolfii_NRRL_66265	1088	34053379	500	432786	7590	31299.06	110	90211	389	24442	98.3	96.2	96.2	96.2	1.4	0.3	290	5778632	5717965	16.8
Mortierella_zychae_NRRL_2592	1260	45702254	500	611785	5298	36271.63	120	120966	400	29549	97.3	82.1	82.1	82.1	1.4	1.3	290	10506258	10205832	33.5
Mortierella_zychae_PUST_F9C	2068	44794830	1002	257400	10265	21660.94	282	46863	969	11834	93.8	79.7	79.7	79.7	4.8	1.4	290	5646804	5213255	17.4
Mucor_aligarensis_NRRL_3099	1353	34711530	490	382403	6279	25655.23	142	74836	476	20206	96.9	81.0	81.0	81.0	2.1	1.0	290	26842944	25431032	109.9
Mucor_alternans_NRRL_A-15142	1542	32238136	1003	161667	11023	20906.70	232	45979	708	14366	98.3	78.6	78.6	78.6	1.0	0.7	290	18854566	17536273	81.5
Mucor_alternans_NRRL_A-16397	1509	32103822	1000	218498	10333	21274.90	223	46736	682	14405	98.6	79.3	79.3	79.3	1.0	0.4	290	12592858	11574518	54.1
Mucor_aromaticus_NRRL_A-17745	8356	71054256	789	122727	3433	8503.38	967	20407	4374	3203	95.9	71.4	71.4	71.4	2.8	1.3	290	23565498	20905060	44.1
Mucor_azygosporus_Benjamin_NRRL_3068	2606	39514982	890	244388	3474	15163.08	235	50451	963	6472	98.2	73.4	73.4	73.4	0.7	1.1	290	13555838	12514940	47.5
Mucor_brunneus_NRRL_2351	4090	42163633	781	73672	7631	10308.96	817	17077	2337	5589	98.6	81.0	81.0	81.0	0.7	0.7	290	20915154	19603940	69.7
Mucor_caninus_NRRL_A-12555	1709	33772735	988	241904	5712	19761.69	195	53675	685	11037	97.9	81.0	81.0	81.0	1.4	0.7	290	17825106	16145999	71.6
Mucor_circinelloides_NRRL_A-25893	11807	39170436	960	33557	2374	3317.56	2697	4461	8655	1518	74.2	62.8	62.8	62.8	20.7	5.1	290	14410172	12670888	48.5
Mucor_circinelloides_f._circinelloides_NRRL_3614	1717	32105477	999	130597	9505	18698.59	256	40632	788	12197	98.6	79.3	79.3	79.3	0.7	0.7	290	6314270	5744146	26.8
Mucor_circinelloides_f._griseocyanus_NRRL_3621	3469	31892150	500	141194	2633	9193.47	507	20732	1428	7838	98.7	79.7	79.7	79.7	0.7	0.6	290	13663410	12530610	39.3
Mucor_circinelloides_f._janssenii_NRRL_2404	1705	32153419	1001	192294	13449	18858.31	312	32228	953	11232	98.6	80.0	80.0	80.0	0.7	0.7	290	20707388	19544015	91.1
Mucor_circinelloides_f._lusitanicus_NRRL_3629	2272	32899412	499	116965	6820	14480.38	377	30710	998	11671	99.3	78.6	78.6	78.6	0.3	0.4	290	14849406	13966664	63.7
Mucor_corticolus_NRRL_A-16258	1732	32532033	1005	116828	15886	18782.93	379	29984	1010	11840	98.9	78.6	78.6	78.6	0.7	0.4	290	14032934	13089887	60.3
Mucor_ctenidius_NRRL_2929T	2134	30720675	1001	307550	3326	14395.82	253	37569	851	10391	97.2	77.9	77.9	77.9	2.4	0.4	290	7800638	7128048	34.8
Mucor_dispersus_NRRL_6039	2014	48362033	941	379190	8400	24012.93	236	62272	843	12800	98.2	74.1	74.1	74.1	1.0	0.8	290	16184428	15129136	46.9
Mucor_dispersus_NRRL_6045	2147	47260844	1003	252104	8845	22012.50	275	52134	944	12358	96.5	73.4	73.4	73.4	2.4	1.1	290	14279428	13236919	42.0
Mucor_dispersus_NRRL_6046	2689	47881248	952	260896	3474	17806.34	295	50320	992	11660	96.9	72.1	72.1	72.1	2.1	1.0	290	14607576	13900736	43.5
Mucor_foenicola_NRRL_A-10991	21278	45843177	493	28845	1024	2154.49	3183	4113	13689	753	79.3	66.2	66.2	66.2	17.6	3.1	290	16735988	15237456	49.8
Mucor_fragilis_NRRL_2569	2242	32951060	495	110841	6759	14697.17	373	31522	980	12457	99.3	79.3	79.3	79.3	0.0	0.7	290	16365338	15600793	71.0
Mucor_fragilis_NRRL_A-16026	656	27081382	1008	278083	24239	41282.59	99	91570	316	26395	97.9	82.4	82.4	82.4	1.4	0.7	290	15036814	14292171	79.1
Mucor_genevensis_NRRL_1756	10989	48598755	927	49447	3047	4422.49	2294	6487	7525	1950	74.1	59.3	59.3	59.3	17.2	8.7	290	13563934	12378117	38.2
Mucor_genevensis_NRRL_1821	23600	40548272	500	26177	1152	1718.15	5007	2425	16933	750	42.7	38.6	38.6	38.6	43.4	13.9	290	14640254	12522172	30.9
Mucor_genevensis_NRRL_3101	1894	35502075	1000	184482	13547	18744.50	354	32545	1055	11671	97.9	80.0	80.0	80.0	1.0	1.1	290	18541520	17445490	73.7
Mucor_genevensis_NRRL_A-17770	2279	35616468	1000	132713	11595	15628.11	441	26336	1296	9285	98.3	79.3	79.3	79.3	1.0	0.7	290	25829272	24294495	102.3
Mucor_globosus_Fischer_NRRL_1759	9995	63383359	768	46381	4368	6341.51	2053	9926	6468	2905	88.7	55.9	55.9	55.9	8.3	3.0	290	17985676	17068815	40.4
Mucor_globosus_NRRL_1436	25164	53784699	492	22203	1275	2137.37	4593	3507	16531	823	53.8	44.1	44.1	44.1	36.6	9.6	290	17742120	16287804	30.3
Mucor_globosus_NRRL_A-28295	7841	23156228	954	19030	2340	2953.22	2060	3614	5965	1504	66.2	61.7	61.7	61.7	20.3	13.5	290	17102304	15418490	99.8
Mucor_griseo-ochraceus_var._minuta_NRRL_3246	1143	31659087	500	325235	2641	27698.24	95	102896	320	27083	98.6	80.7	80.7	80.7	0.3	1.1	290	24859980	21497462	101.8
Mucor_heterosporus_NRRL_3154	1045	36914380	501	387028	5176	35324.77	98	109839	344	28850	98.6	77.9	77.9	77.9	0.7	0.7	290	14390972	13517319	54.9
Mucor_hiemalis_NRRL_2349	501	30784871	1003	494962	33106	61446.85	68	135372	233	37158	98.3	81.7	81.7	81.7	1.0	0.7	290	9421438	8642509	42.1
Mucor_hiemalis_NRRL_A-11532	2221	32922296	957	148053	3334	14823.19	267	40134	844	9880	98.7	79.0	79.0	79.0	0.7	0.6	290	15842014	14677311	66.8
Mucor_hiemalis_NRRL_A-16027	1256	32391680	1003	590579	1930	25789.55	104	99597	351	23042	98.6	81.4	81.4	81.4	0.7	0.7	290	12321264	11803474	54.6
Mucor_hiemalis_NRRL_A-28298	1315	34955256	1005	384576	5185	26581.94	114	94573	421	14286	98.2	80.3	80.3	80.3	0.7	1.1	290	13930270	12997624	55.7
Mucor_hiemalis_f._corticola_NRRL_3617	2170	32490432	500	321216	1519	14972.55	183	52317	644	12138	98.3	81.4	81.4	81.4	1.0	0.7	290	19926658	18927671	58.2
Mucor_hiemalis_f._hiemalis_NRRL_1743	634	31403168	1005	461046	23535	49531.81	92	105508	286	31949	97.6	77.9	77.9	77.9	2.1	0.3	290	19208828	18624771	88.9
Mucor_hiemalis_f._hiemalis_NRRL_3624	1008	30455688	493	282975	13538	30213.98	128	74752	430	21678	97.6	79.7	79.7	79.7	2.1	0.3	290	17206400	16509340	54.2
Mucor_hiemalis_f._luteus_NRRL_3633	2172	28812799	482	259396	5832	13265.56	287	31008	930	9423	97.6	82.1	82.1	82.1	1.4	1.0	290	17369930	16297329	56.6
Mucor_hiemalis_f._silvaticus_NRRL_3643	1160	31367017	501	372665	1495	27040.53	85	115840	277	30336	97.2	80.3	80.3	80.3	1.7	1.1	290	16728734	15126068	48.2
Mucor_inaequisporus_NRRL_3626	2224	34885714	1000	235473	4814	15686.02	256	41592	936	7507	97.2	73.8	73.8	73.8	2.1	0.7	290	5887392	5390845	23.2
Mucor_indicus_Lendner_NRRL_13132	2069	35401676	980	284639	3240	17110.52	183	56997	695	9646	98.6	75.5	75.5	75.5	0.7	0.7	290	14658570	13182335	55.8
Mucor_indicus_Lendner_NRRL_13468	1756	35092781	1000	335291	4767	19984.50	177	57291	659	10854	99.0	74.5	74.5	74.5	0.3	0.7	290	14878708	13261136	56.6
Mucor_indicus_NRRL_555	2757	36178345	487	287084	1453	13122.36	157	62462	651	8175	99.0	73.8	73.8	73.8	0.3	0.7	290	27178178	25811868	107.0
Mucor_intermedius_NRRL_6588T	1361	51467241	928	595167	8790	37815.75	155	108224	494	28021	97.6	61.4	61.4	61.4	2.1	0.3	290	6073362	5637060	16.4
Mucor_javanicus_NRRL_A-17643	2059	32758703	1001	136151	3430	15910.01	249	42152	792	11437	98.3	78.6	78.6	78.6	0.7	1.0	290	13547746	12402738	56.8
Mucor_lamprosporus_NRRL_6037	3210	57735632	1000	170395	9774	17986.18	477	36636	1662	9204	95.2	68.6	68.6	68.6	3.1	1.7	290	13989964	12861094	33.4
Mucor_lamprosporus_NRRL_6040	4105	58772900	999	193294	6078	14317.39	525	33863	1899	7419	97.3	69.7	69.7	69.7	1.7	1.0	290	13451268	12445673	31.7
Mucor_lamprosporus_NRRL_6048	3268	57543503	1000	205998	9389	17608.17	485	35273	1691	8779	96.6	70.7	70.7	70.7	2.4	1.0	290	10716432	9621228	25.1
Mucor_lamprosporus_NRRL_6049	3190	57815413	1000	202932	9671	18123.95	466	37497	1636	9147	95.5	68.3	68.3	68.3	3.1	1.4	290	14799194	13343062	34.6
Mucor_laxorrhizus_NRRL_2814	2563	37784066	500	165801	5385	14742.12	322	36984	1027	10397	98.6	81.7	81.7	81.7	1.0	0.4	290	15594882	14734040	58.5
Mucor_luteus_NRRL_2865	2163	29148823	497	189371	5404	13476.11	271	32242	904	9490	97.6	81.4	81.4	81.4	1.4	1.0	290	57226046	51426185	176.4
Mucor_luteus_var._indica_NRRL_3245	3686	37885042	500	159361	2301	10278.09	356	31696	1334	5799	97.9	74.8	74.8	74.8	1.4	0.7	290	14003078	12424889	32.8
Mucor_maequisporus_var._kaki_NRRL_3295	2047	35142067	508	206168	4740	17167.60	225	45977	824	8923	97.6	74.5	74.5	74.5	1.7	0.7	290	9590428	8745834	37.3
Mucor_miehei_NRRL_5283	7027	23558858	969	207802	2430	3352.62	1583	4179	5180	1601	56.9	52.8	52.8	52.8	27.6	15.5	290	21859446	18774351	118.9
Mucor_miehei_NRRL_5902	7557	23034461	995	19675	2385	3048.10	1950	3764	5718	1549	63.5	57.6	57.6	57.6	24.8	11.7	290	18591700	16700399	108.5
Mucor_mousanensis_NRRL_3105	3340	34673049	500	187923	2708	10381.15	373	28569	1281	6290	98.3	80.7	80.7	80.7	0.7	1.0	290	15134158	13225540	38.1
Mucor_mucedo_Linnaeus_Fresenius_NRRL_A-13277	1766	33619790	1000	264813	5371	19037.25	199	51173	699	9915	97.9	80.0	80.0	80.0	1.4	0.7	290	15119310	13947184	62.2
Mucor_nidicola_NRRL_54520	852	34150766	500	464936	7565	40083.06	87	120516	288	33816	98.3	80.7	80.7	80.7	1.0	0.7	290	15837622	14877533	43.6
Mucor_oblongisporus_var._macrosporus_NRRL_1574	5366	62938284	500	148930	3434	11729.09	584	32450	2117	6685	96.6	70.7	70.7	70.7	1.7	1.7	290	17368744	15947190	25.3
Mucor_oblongisporus_var._macrosporus_NRRL_1589	2719	63007012	1000	367408	8125	23172.86	320	59891	1134	12973	97.6	71.4	71.4	71.4	1.4	1.0	290	15661830	14865785	35.4
Mucor_odoratus_NRRL_3064	5984	38233855	500	59971	3780	6389.35	952	11763	3410	3012	91.7	73.4	73.4	73.4	6.6	1.7	290	15451160	13861105	36.2
Mucor_pakistanicus_NRRL_6589	2187	33009786	468	116937	8338	15093.64	373	30704	988	12546	99.3	77.9	77.9	77.9	0.3	0.4	290	19607608	18694108	84.9
Mucor_petrinsularis_var._echinosporus_NRRL_3141	4687	41391614	489	163707	1665	8831.15	426	29919	1575	4841	97.9	80.7	80.7	80.7	1.0	1.1	290	22320542	21141403	76.5
Mucor_petrinsularis_var._ovalisporus_NRRL_2536	1359	34812965	500	266643	6034	25616.60	147	73936	477	19561	97.6	82.4	82.4	82.4	1.4	1.0	290	21478442	20309996	87.5
Mucor_philippovi_NRRL_3036	2686	34319745	500	102458	6993	12777.27	399	27759	1191	9498	98.2	80.3	80.3	80.3	0.7	1.1	290	14928578	14172803	41.3
Mucor_piriformis_NRRL_3637	1689	23476994	997	149221	5368	13899.94	229	32528	760	7623	94.8	82.4	82.4	82.4	4.8	0.4	290	6806280	5400382	34.5
Mucor_plasmaticus_NRRL_2708	1592	31687131	991	222590	8267	19903.98	199	45927	692	12118	97.6	81.7	81.7	81.7	1.7	0.7	290	7893922	7187450	34.0
Mucor_plumbeus	4459	41053806	1000	85071	5776	9206.95	800	16543	2332	4911	97.9	82.4	82.4	82.4	1.4	0.7	290	6947868	6448834	23.6
Mucor_plumbeus_NRRL_2353	4315	42522772	1000	75688	6783	9854.64	841	16468	2433	5027	97.2	80.0	80.0	80.0	2.1	0.7	290	14769064	13959909	49.1
Mucor_pusillus_Lindt_NRRL_3470	7924	22638884	823	86260	2263	2857.00	2098	3453	6064	1473	51.8	49.0	49.0	49.0	31.7	16.5	290	15173076	13319323	88.1
Mucor_pusillus_Lindt_NRRL_A-16035	382	24942543	1000	436325	34728	65294.62	52	150622	173	40917	87.6	76.6	76.6	76.6	4.8	7.6	290	18298268	17891301	107.3
Mucor_pusillus_NRRL_5893	7062	23358733	980	24386	2560	3307.67	1761	4153	5250	1637	63.1	57.6	57.6	57.6	23.4	13.5	290	19600152	17844696	114.3
Mucor_pusillus_NRRL_A-13674	395	24963809	1000	490925	30491	63199.52	53	150701	176	40472	95.2	84.5	84.5	84.5	2.8	2.0	290	14230400	14031059	84.1
Mucor_pusillus_NRRL_A-14037	398	24971364	1007	594769	34635	62742.12	52	130530	184	39208	94.5	83.1	83.1	83.1	4.1	1.4	290	10506880	10298177	61.6
Mucor_racemosus_Fresenius_NRRL_1504	4492	42502503	1000	74886	6263	9461.82	877	16199	2463	4464	97.6	77.9	77.9	77.9	1.4	1.0	290	17143186	16509982	58.2
Mucor_racemosus_Fresenius_NRRL_1608	2932	39748417	987	123740	10502	13556.76	552	22517	1666	8604	98.3	79.7	79.7	79.7	0.7	1.0	290	13357302	12514260	47.2
Mucor_racemosus_Fresenius_NRRL_1622	3743	40312069	1001	111325	7930	10769.99	684	19035	1962	6829	98.7	79.0	79.0	79.0	0.3	1.0	290	13745998	13003882	48.4
Mucor_racemosus_Fresenius_NRRL_1688	4430	42760244	1000	90691	6586	9652.43	875	16700	2430	4653	98.3	79.0	79.0	79.0	0.3	1.4	290	15174008	14620905	51.3
Mucor_racemosus_Fresenius_NRRL_1994	4730	41706640	1001	58344	5935	8817.47	943	15437	2628	4027	97.2	77.9	77.9	77.9	1.4	1.4	290	14248064	13459629	48.4
Mucor_racemosus_Fresenius_NRRL_A-11534	4582	42484213	1002	75780	6273	9271.98	904	16112	2521	4456	98.0	78.3	78.3	78.3	0.7	1.3	290	11574246	11026921	38.9
Mucor_racemosus_Fresenius_NRRL_A-19185	17569	43354081	805	28346	1898	2467.65	4671	2940	13730	1273	51.1	45.9	45.9	45.9	32.1	16.8	290	17236694	14299509	49.5
Mucor_racemosus_Fresenius_NRRL_A-19189	3122	40269203	1004	107282	9105	12898.53	531	23957	1618	8413	98.3	79.0	79.0	79.0	1.0	0.7	290	20125024	19314734	71.9
Mucor_racemosus_NRRL_1627	4438	42554939	1001	91034	6297	9588.76	863	16938	2410	4631	98.2	77.9	77.9	77.9	0.3	1.5	290	15764824	15089172	53.2
Mucor_racemosus_f._sphaerosporus_NRRL_3645	15066	46849821	981	18380	2394	3109.64	3795	3922	11295	1533	53.5	45.2	45.2	45.2	32.4	14.1	290	16470960	14449570	30.8
Mucor_racemosus_var._racemosus_NRRL_3641	4362	39989799	1000	75249	5609	9167.77	780	16719	2237	5097	98.3	79.3	79.3	79.3	0.7	1.0	290	5532098	5015510	18.8
Mucor_ramannianus_NRRL_1839	174	23183457	1002	1172021	46589	133238.26	18	315566	67	91587	98.7	89.0	89.0	89.0	0.7	0.6	290	14541160	14334196	92.7
Mucor_ramannianus_NRRL_A-21216	654	25528394	1005	321141	21833	39034.24	97	79417	323	22351	96.6	86.6	86.6	86.6	2.8	0.6	290	19964864	19423452	114.1
Mucor_ramosissimus_NRRL_3042	2691	32175582	500	114839	8750	11956.74	467	23208	1294	9529	99.0	79.7	79.7	79.7	0.7	0.3	290	13110678	12451849	58.0
Mucor_recurvus_NRRL_2358	3691	64216765	379	351088	2319	17398.20	279	69403	1036	12914	97.9	70.7	70.7	70.7	1.4	0.7	290	24081476	23161070	54.1
Mucor_recurvus_var._indicus_NRRL_3247	8840	58977944	353	208432	1429	6671.71	704	24768	3178	2621	97.2	68.6	68.6	68.6	1.7	1.1	290	14245528	13300991	33.7
Mucor_rouxii_Calmette_Wehmer_NRRL_1894	1745	35068603	1000	243190	5233	20096.62	189	55467	671	11608	98.6	74.8	74.8	74.8	0.3	1.1	290	17159326	15638025	66.8
Mucor_saturninus_NRRL_2631	3185	32461148	498	179841	2180	10191.88	315	30737	1124	5808	96.5	78.6	78.6	78.6	2.1	1.4	290	58096060	52352691	161.1
Mucor_silvaticus_NRRL_1431	3377	34550024	500	137671	2709	10230.98	363	28387	1300	5881	98.7	82.1	82.1	82.1	0.7	0.6	290	14130156	11863711	34.3
Mucor_sp._NRRL_A-14906	1538	32285122	998	173344	11568	20991.63	240	45752	721	14350	NA	NA	NA	NA	NA	NA	NA	19835978	18455608	85.7
Mucor_sp._NRRL_A-17182	1690	32537886	1002	117030	16400	19253.19	372	30749	984	12257	98.3	77.6	77.6	77.6	1.4	0.3	290	17864330	16684797	76.9
Mucor_sp._NRRL_A-17797	1498	32082913	1000	168669	10443	21417.16	220	46957	674	14479	98.3	78.3	78.3	78.3	1.0	0.7	290	14392008	13325004	62.3
Mucor_sp._NRRL_A-18583	1455	32083246	1000	213396	10881	22050.34	216	47382	651	15268	98.9	78.6	78.6	78.6	0.3	0.8	290	16647648	15467745	72.3
Mucor_sp._NRRL_A-21230	1885	32606720	799	152476	4785	17297.99	243	43098	758	12602	98.7	79.7	79.7	79.7	1.0	0.3	290	14625578	13252427	60.9
Mucor_sp._NRRL_A-21232	1965	32612391	1001	156553	4376	16596.64	238	43056	768	11428	98.9	80.3	80.3	80.3	0.3	0.8	290	14350928	13468216	61.9
Mucor_sp._NRRL_A-21236	1545	32170325	1001	173161	11558	20822.22	238	45074	718	14360	98.3	79.7	79.7	79.7	0.7	1.0	290	14530102	13420638	62.5
Mucor_sp._NRRL_A-25546	1814	32366107	856	317999	3432	17842.40	159	61414	604	8578	96.9	78.3	78.3	78.3	1.4	1.7	290	13584406	11962902	55.3
Mucor_sp._NRRL_A-25547	1827	32436580	797	301547	3368	17754.01	148	63425	598	8069	97.3	78.3	78.3	78.3	1.4	1.3	290	13684770	11981107	55.2
Mucor_sp._NRRL_A-25548	3342	63232045	992	221395	7565	18920.42	422	44625	1496	9925	96.2	71.0	71.0	71.0	2.8	1.0	290	16018118	14637633	34.7
Mucor_sp._NRRL_A-25783	2263	35789471	1000	284563	2510	15815.06	188	57963	708	8794	98.6	74.1	74.1	74.1	0.3	1.1	290	20030680	18127298	75.9
Mucor_sp._NRRL_A-25793	2263	35804352	1000	290306	2583	15821.63	186	58853	712	8497	99.0	75.2	75.2	75.2	0.3	0.7	290	17584368	15571700	65.1
Mucor_sp._NRRL_A-25970	2284	32968039	1000	149586	2572	14434.34	256	43320	819	9297	98.7	79.0	79.0	79.0	0.7	0.6	290	15862228	14608034	66.4
Mucor_sp._NRRL_A-26212	1966	35198854	1000	304609	3543	17903.79	187	55919	679	11119	98.9	74.8	74.8	74.8	0.3	0.8	290	15062124	13710837	58.4
Mucor_varians_NRRL_1760	1822	32061102	501	251493	1956	17596.65	176	58639	575	14472	98.3	81.7	81.7	81.7	1.0	0.7	290	19860518	19323401	60.3
Mucor_zychae_var._zychae_NRRL_3243	1670	35792384	501	287985	5643	21432.57	175	64305	606	15353	97.2	66.9	66.9	66.9	2.1	0.7	290	6313496	6036342	25.3
Mycocladus_corymbifer_NRRL_1309	8806	40323342	1000	76147	3148	4579.08	1840	6769	6012	2053	77.6	57.6	57.6	57.6	18.6	3.8	290	13813814	13092029	48.7
Mycotypha_microspora_Fenner_NRRL_684	435	26232166	1000	929388	1884	60303.83	25	324527	79	100454	98.3	85.2	85.2	85.2	1.0	0.7	290	16173898	15453954	88.3
Mycotypha_microspora_Fenner_NRRL_A-11005	243	25931089	1008	1000247	6995	106712.30	25	361916	68	115432	97.5	83.4	83.4	83.4	1.7	0.8	290	16097820	15797191	91.3
Mycotypha_microspora_IMI_282443	1070	26562737	500	1029323	904	24824.99	23	403548	78	87286	98.6	84.8	84.8	84.8	0.7	0.7	290	61437648	60531045	227.8
Nowakowskiella_sp._JEL0774	53	384000	1001	50346	4556	7245.28	9	10896	32	3615	NA	NA	NA	NA	NA	NA	NA	NA	833475	325.3
Paranamyces_uniporus_JEL0695	5017	53631924	996	545334	2906	10690.04	302	41207	2182	3565	NA	NA	NA	NA	NA	NA	NA	NA	4137271	11.5
Paraphysoderma_sedebokerense_JEL0847	1242	17011669	897	197934	5738	13697.00	151	31461	574	6985	NA	NA	NA	NA	NA	NA	NA	NA	6978413	61.5
Parasitella_parasitica_Bainier_Sydow_NRRL_1461	1381	29726090	1002	270449	9920	21525.05	181	51588	609	13710	98.0	81.4	81.4	81.4	1.4	0.6	290	14924840	13452424	67.7
Parasitella_simplex_NRRL_1460	1962	34539350	1005	240938	4686	17604.15	208	48842	773	8332	97.9	81.0	81.0	81.0	1.0	1.1	290	14432106	13641100	59.2
Phlyctochytrium_bullatum_JEL0754	3230	40187350	792	172241	3940	12441.90	361	33519	1412	5257	NA	NA	NA	NA	NA	NA	NA	NA	6319371	23.4
Phlyctochytrium_planicorne_JEL0388	957	33574173	1000	614790	7793	35082.73	83	111108	332	23296	NA	NA	NA	NA	NA	NA	NA	NA	5855407	26.0
Phycomyces_blakesleeanus_Burgeff_NRRL_1465	2562	43540837	1000	317880	6253	16994.86	288	43733	1150	7795	85.8	73.4	73.4	73.4	6.2	8.0	290	15141688	14265130	49.1
Phycomyces_blakesleeanus_Burgeff_var._piloboloides_NRRL_2566	2843	43732367	956	207718	5814	15382.47	331	37943	1317	6744	93.1	79.7	79.7	79.7	4.8	2.1	290	13242432	12216298	41.7
Phycomyces_theobromatus_NRRL_1467	2212	36904486	500	350513	1688	16683.76	165	71053	558	15876	95.5	80.3	80.3	80.3	3.1	1.4	290	24374068	22357263	90.8
Pilaira_anomala_RSA_1997+	1052	29584347	1001	229137	16717	28122.00	164	58014	525	16793	97.6	86.9	86.9	86.9	1.4	1.0	290	6010024	5808446	29.4
Pilaira_anomala_RSA_1998-	2773	31876781	1000	127871	4736	11495.41	377	26226	1355	4974	97.6	83.1	83.1	83.1	0.7	1.7	290	7474132	6462229	30.4
Pilaira_caucasica_CBS_523.68	6176	33929795	495	88723	1601	5493.81	678	14702	2662	2356	97.2	84.1	84.1	84.1	2.1	0.7	290	15464084	13658196	40.2
Pilaira_caucasica_Milko_NRRL_6282	2569	31548776	985	142748	7339	12280.57	423	22499	1436	5977	96.9	82.4	82.4	82.4	2.4	0.7	290	17761382	15786653	75.0
Pilaira_moreaui_CBS_181.26	3850	31205491	502	87018	4433	8105.32	572	16408	1997	4079	94.1	80.3	80.3	80.3	4.8	1.1	290	17844542	16121356	51.6
Pirella_circinans_RSA_622-	1910	33181830	920	253244	8180	17372.69	263	37881	901	9600	97.9	81.7	81.7	81.7	1.7	0.4	290	9635392	8512288	38.5
Pirella_circinans_RSA_682	2144	32972175	1000	137726	7694	15378.81	311	32024	1063	7851	97.6	81.0	81.0	81.0	1.7	0.7	290	6368608	5497338	25.0
Pirella_circinans_var._volvogradensis_RSA_2566	3634	33451087	499	103042	3160	9205.03	434	23120	1537	5203	97.6	81.7	81.7	81.7	1.7	0.7	290	17471930	16270919	48.6
Pirella_naumovii_IMI_133977	2740	31677749	501	136419	5526	11561.22	377	24846	1295	6153	96.9	80.7	80.7	80.7	2.1	1.0	290	15984948	14699294	46.4
Pirella_reniformis_NRRL_5259	2616	31574428	500	202492	3229	12069.74	284	33579	997	7276	98.0	81.4	81.4	81.4	1.4	0.6	290	16646824	14384275	45.5
Podochytrium_sp._JEL0797	449	5948116	1005	121249	6283	13247.47	63	31102	235	5575	NA	NA	NA	NA	NA	NA	NA	NA	3115190	78.2
Protomycocladus_faisalabadensis_NRRL_22826	1273	51688338	858	495868	9017	40603.56	140	114498	457	30364	98.3	61.4	61.4	61.4	1.4	0.3	290	8745222	8082583	23.4
Radiomyces_mexicana_RSA_1186	18	136869	1145	43546	5312	7603.83	3	10807	11	3295	0.0	0.0	0.0	0.0	0.3	99.7	290	NA	78511	85.9
Rhizoclosmatium_hyalinus_JEL0917	9670	23440690	993	120607	1648	2424.06	2085	2545	7541	1216	NA	NA	NA	NA	NA	NA	NA	NA	2882654	18.4
Rhizomucor_pusillus_NRRL_2543	1618	36023496	717	330331	6608	22264.21	196	57414	655	13949	93.8	79.7	79.7	79.7	4.8	1.4	290	8420060	7258189	30.2
Rhizophlyctis_rosea_JEL0764	1462	48142808	1000	450111	8032	32929.42	136	105531	532	19371	NA	NA	NA	NA	NA	NA	NA	NA	5008517	15.6
Rhizophydium_sp._JEL0728	4489	14491854	468	202660	2374	3228.30	1042	3982	3341	1556	NA	NA	NA	NA	NA	NA	NA	NA	5760835	59.6
Rhizophydium_sp._JEL0801	8436	16266056	919	43998	1599	1928.17	2660	2005	6931	1171	NA	NA	NA	NA	NA	NA	NA	NA	3726349	34.3
Rhizophydium_sp._JEL0829	656	14757824	1002	318470	6340	22496.68	59	71674	252	12257	NA	NA	NA	NA	NA	NA	NA	NA	5653481	57.4
Rhizophydium_sp._JEL0838	2643	14872961	1000	356849	2004	5627.30	273	12088	1457	1741	NA	NA	NA	NA	NA	NA	NA	NA	5344918	53.9
Rhizophydium_sp._JEL0842	2015	26948234	1000	355561	2253	13373.81	105	72054	601	4001	NA	NA	NA	NA	NA	NA	NA	NA	5015461	27.9
Rhizophydium_sp._JEL0866	1126	17134642	1000	295603	6264	15217.27	135	36023	505	8100	NA	NA	NA	NA	NA	NA	NA	NA	7318144	64.0
Rhizopus_acetoinus_NRRL_549	1976	36886790	827	225734	6520	18667.40	232	50476	842	10029	97.2	66.2	66.2	66.2	1.7	1.1	290	19265510	17059940	69.4
Rhizopus_acetoinus_NRRL_5833	2094	36868222	835	311233	5745	17606.60	236	45870	882	9253	96.9	65.9	65.9	65.9	2.1	1.0	290	12762676	11409417	46.4
Rhizopus_americanus_NRRL_66675	3341	38506622	496	284434	1732	11525.48	195	58511	922	5896	97.6	64.8	64.8	64.8	1.4	1.0	290	6429910	5985790	23.3
Rhizopus_arrhizus_CBS_258.28	1915	36343725	1001	401578	4970	18978.45	206	53955	744	10465	NA	NA	NA	NA	NA	NA	NA	NA	7927936	32.7
Rhizopus_arrhizus_CBS_330.53	1934	36090887	995	224428	5456	18661.27	230	48668	799	10527	NA	NA	NA	NA	NA	NA	NA	NA	5977173	24.8
Rhizopus_arrhizus_CBS_387.34	2702	35041640	1000	182479	5483	12968.78	360	28280	1283	6387	NA	NA	NA	NA	NA	NA	NA	NA	3210395	13.7
Rhizopus_arrhizus_Fischer_NRRL_1527	2765	37956515	1001	231420	2199	13727.49	233	49194	950	6033	97.6	64.8	64.8	64.8	1.4	1.0	290	21729252	19475589	76.9
Rhizopus_arrhizus_IMI16641	2345	37263263	923	263907	2089	15890.52	181	64369	714	8594	NA	NA	NA	NA	NA	NA	NA	NA	7162070	28.8
Rhizopus_arrhizus_IMI180966	210	837832	995	13687	3505	3989.68	54	5572	146	1706	NA	NA	NA	NA	NA	NA	NA	NA	2060932	368.6
Rhizopus_arrhizus_IMI195599	1984	35676754	903	216264	6176	17982.23	234	46024	847	9788	NA	NA	NA	NA	NA	NA	NA	NA	4125944	17.3
Rhizopus_arrhizus_IMI199624	2134	35811634	992	257639	4797	16781.46	243	43337	866	8669	NA	NA	NA	NA	NA	NA	NA	NA	5245260	21.9
Rhizopus_arrhizus_IMI201247	574	1643683	1015	22850	1902	2863.56	132	3125	462	1673	NA	NA	NA	NA	NA	NA	NA	NA	2307575	210.3
Rhizopus_arrhizus_IMI215407	449	1111477	1004	28035	1836	2475.45	125	2050	370	1609	NA	NA	NA	NA	NA	NA	NA	NA	2438644	327.9
Rhizopus_arrhizus_IMI266680	2469	36519914	1000	214829	3596	14791.38	220	48549	964	5945	NA	NA	NA	NA	NA	NA	NA	NA	4099415	16.8
Rhizopus_arrhizus_IMI53173	2131	36085947	1000	232895	4659	16933.81	236	44799	843	9060	NA	NA	NA	NA	NA	NA	NA	NA	5350562	22.2
Rhizopus_arrhizus_JCM_5580	381	1440644	1000	42676	2208	3781.22	75	5962	265	1475	NA	NA	NA	NA	NA	NA	NA	NA	1495497	155.5
Rhizopus_arrhizus_NBRC_4735	2680	35518633	1000	153645	6186	13253.22	366	29182	1333	6236	NA	NA	NA	NA	NA	NA	NA	NA	4034427	17.0
Rhizopus_arrhizus_NBRC_4770	1885	36029944	1001	269029	6667	19114.03	219	48874	804	10436	NA	NA	NA	NA	NA	NA	NA	NA	6085691	25.3
Rhizopus_arrhizus_NBRC_5318	2200	36161387	1003	231468	5384	16436.99	263	41840	941	8838	NA	NA	NA	NA	NA	NA	NA	NA	6918108	28.6
Rhizopus_arrhizus_NRRL-A-10276	2613	36045937	1000	217668	5032	13794.85	334	33599	1170	6904	NA	NA	NA	NA	NA	NA	NA	NA	5372580	22.3
Rhizopus_arrhizus_NRRL-A-12134	2976	37465933	999	201446	2209	12589.36	271	41096	1081	5065	NA	NA	NA	NA	NA	NA	NA	NA	7960163	31.8
Rhizopus_arrhizus_NRRL-A-12745	2865	37900469	831	271996	2124	13228.78	228	48225	983	5593	NA	NA	NA	NA	NA	NA	NA	NA	6812259	26.9
Rhizopus_arrhizus_NRRL-A-13471	149	583972	1005	12340	2833	3919.28	37	5620	106	1652	NA	NA	NA	NA	NA	NA	NA	NA	2014431	516.7
Rhizopus_arrhizus_NRRL-A-13606	1697	36119103	763	280436	6798	21284.09	200	55174	694	12536	NA	NA	NA	NA	NA	NA	NA	NA	6637441	27.5
Rhizopus_arrhizus_NRRL-A-13642	1683	36050409	609	312994	6108	21420.33	191	59392	673	12548	NA	NA	NA	NA	NA	NA	NA	NA	6187631	25.7
Rhizopus_arrhizus_NRRL-A-13676	2024	36655383	984	232064	5310	18110.37	227	50487	816	9631	NA	NA	NA	NA	NA	NA	NA	NA	7138774	29.2
Rhizopus_arrhizus_NRRL-A-13677	145	562773	1001	21295	2365	3881.19	30	5877	102	1621	NA	NA	NA	NA	NA	NA	NA	NA	1560654	415.8
Rhizopus_arrhizus_NRRL-A-13678	3154	37632817	992	219227	1915	11931.77	255	45291	1103	4479	NA	NA	NA	NA	NA	NA	NA	NA	4481970	17.9
Rhizopus_arrhizus_NRRL-A-13688	137	562413	1005	21383	3342	4105.20	33	5811	96	1853	NA	NA	NA	NA	NA	NA	NA	NA	1035665	275.8
Rhizopus_arrhizus_NRRL-A-13690	526	1330548	1001	15794	1698	2529.56	119	2336	426	1497	NA	NA	NA	NA	NA	NA	NA	NA	1937316	218.2
Rhizopus_arrhizus_NRRL-A-13738	2341	37457094	903	355653	2524	16000.47	198	56681	776	8318	NA	NA	NA	NA	NA	NA	NA	NA	7295326	29.2
Rhizopus_arrhizus_NRRL-A-13850	2335	35394240	1001	199914	5855	15158.13	291	35981	1057	7448	NA	NA	NA	NA	NA	NA	NA	NA	3240825	13.7
Rhizopus_arrhizus_NRRL-A-13968	1107	2279485	1000	14369	1642	2059.16	365	1741	933	1468	NA	NA	NA	NA	NA	NA	NA	NA	3039643	199.9
Rhizopus_arrhizus_NRRL-A-15308	3350	36114701	458	124264	4035	10780.51	442	25321	1604	4577	NA	NA	NA	NA	NA	NA	NA	NA	4495525	18.6
Rhizopus_arrhizus_NRRL-A-17371	2959	38246567	1001	256140	1930	12925.50	216	52403	921	4885	NA	NA	NA	NA	NA	NA	NA	NA	7921375	31.0
Rhizopus_arrhizus_NRRL-A-20824	2250	35549948	995	214736	6135	15799.98	288	37838	1013	8198	NA	NA	NA	NA	NA	NA	NA	NA	3884044	16.4
Rhizopus_arrhizus_NRRL-A-21477	1895	35753834	884	239297	5984	18867.46	225	48776	792	10322	NA	NA	NA	NA	NA	NA	NA	NA	4348222	18.2
Rhizopus_arrhizus_NRRL-A-21578	2726	37183808	999	203202	2273	13640.43	248	45190	949	6268	NA	NA	NA	NA	NA	NA	NA	NA	6325138	25.5
Rhizopus_arrhizus_NRRL-A-21579	2814	39229565	978	278578	1951	13940.85	171	66943	844	5362	NA	NA	NA	NA	NA	NA	NA	NA	6706611	25.6
Rhizopus_arrhizus_NRRL-A-21704	2064	36240674	1001	247401	5085	17558.47	228	48761	829	8990	NA	NA	NA	NA	NA	NA	NA	NA	5940544	24.6
Rhizopus_arrhizus_NRRL-A-23526	4416	36824954	1000	99538	3185	8338.98	574	18856	2294	2910	NA	NA	NA	NA	NA	NA	NA	NA	5259923	21.4
Rhizopus_arrhizus_NRRL-A-23527	2954	37371182	1000	227704	2256	12651.04	262	41925	1068	4911	NA	NA	NA	NA	NA	NA	NA	NA	5778301	23.2
Rhizopus_arrhizus_NRRL-A-25359	2002	36735964	863	306028	5185	18349.63	227	50182	806	10201	NA	NA	NA	NA	NA	NA	NA	NA	8403190	34.3
Rhizopus_arrhizus_NRRL-A-26116	2830	36420918	927	182080	5085	12869.58	354	29924	1334	6013	NA	NA	NA	NA	NA	NA	NA	NA	7036925	28.8
Rhizopus_arrhizus_NRRL-A-26501	2506	35245804	778	150655	5390	14064.57	322	33406	1120	7335	NA	NA	NA	NA	NA	NA	NA	NA	3331659	14.2
Rhizopus_arrhizus_NRRL_13014	1620	35695700	1000	308223	7793	22034.38	204	56639	674	13132	97.3	65.2	65.2	65.2	1.7	1.0	290	12988162	11517775	48.4
Rhizopus_arrhizus_NRRL_1470	2385	45703997	1000	283690	4883	19163.10	242	57355	916	9353	98.3	85.5	85.5	85.5	1.0	0.7	290	16401666	15670816	51.4
Rhizopus_arrhizus_NRRL_2004	1907	36285562	1000	232639	6033	19027.56	225	49960	789	10732	97.3	65.2	65.2	65.2	1.7	1.0	290	23055162	20086000	83.0
Rhizopus_arrhizus_NRRL_2286	1881	36253823	1000	194177	7483	19273.70	243	44309	827	11028	97.2	64.8	64.8	64.8	1.4	1.4	290	15712630	14073759	58.2
Rhizopus_arrhizus_NRRL_2582	3034	41522779	995	245492	2301	13685.82	272	47159	1054	6082	98.0	65.9	65.9	65.9	0.7	1.3	290	17128428	15402964	55.6
Rhizopus_arrhizus_NRRL_5896	1755	36349168	609	233086	7215	20711.78	210	53360	738	11692	97.2	66.2	66.2	66.2	1.7	1.1	290	15426170	14041004	57.9
Rhizopus_arrhizus_NRRL_5899	2006	36766543	1000	269103	6050	18328.29	233	46986	841	9869	97.6	64.8	64.8	64.8	1.4	1.0	290	16276214	14466625	59.0
Rhizopus_arrhizus_NRRL_66564	697	27215012	1010	449414	18733	39045.93	93	90352	320	23109	96.6	85.2	85.2	85.2	1.0	2.4	290	12222574	11609069	64.0
Rhizopus_arrhizus_NRRL_66565	2942	38321772	1001	363520	1881	13025.76	226	47396	952	5743	97.2	66.9	66.9	66.9	1.4	1.4	290	14426120	13063119	51.1
Rhizopus_arrhizus_NRRL_66568	2557	37743792	975	249608	2334	14760.97	223	51074	867	7780	97.2	65.5	65.5	65.5	1.4	1.4	290	15459040	13834307	54.9
Rhizopus_arrhizus_NRRL_66592	1906	36310732	1002	170988	6957	19050.75	247	47072	828	10985	97.6	66.9	66.9	66.9	1.0	1.4	290	15819270	14392984	59.4
Rhizopus_arrhizus_NRRL_66595	2580	37592153	1000	201433	2458	14570.60	230	49618	896	6740	97.3	64.5	64.5	64.5	1.7	1.0	290	21795194	19656885	78.3
Rhizopus_arrhizus_NRRL_66596	2770	38275631	903	289988	1932	13817.92	217	53137	886	6539	97.6	66.2	66.2	66.2	1.4	1.0	290	24756694	22508264	88.1
Rhizopus_arrhizus_NRRL_A-10365	2065	36898915	775	180807	5641	17868.72	239	47267	857	9310	87.5	57.2	57.2	57.2	5.2	7.3	290	12353426	11083282	45.0
Rhizopus_arrhizus_NRRL_A-10369	2608	37902438	928	258449	2070	14533.14	219	52486	850	7845	97.2	66.2	66.2	66.2	1.7	1.1	290	17664636	16010566	63.3
Rhizopus_arrhizus_NRRL_A-11376	6869	72701543	758	100154	5428	10584.01	1037	21446	3653	4798	97.2	23.4	23.4	23.4	2.1	0.7	290	16314188	14595020	30.1
Rhizopus_arrhizus_NRRL_A-12998	2811	37579647	1001	241242	2272	13368.78	245	45060	991	5600	97.6	66.2	66.2	66.2	1.4	1.0	290	10957166	9811457	39.1
Rhizopus_arrhizus_NRRL_A-13860	1881	36318116	1000	285201	5683	19307.88	212	52223	755	10396	NA	NA	NA	NA	NA	NA	NA	16443814	14591826	60.2
Rhizopus_arrhizus_NRRL_A-16824	1916	36163938	1001	183057	6144	18874.71	232	48695	802	10634	98.3	66.6	66.6	66.6	1.0	0.7	290	14249556	12382052	51.3
Rhizopus_arrhizus_NRRL_A-16826	1943	36231330	894	237203	5689	18647.11	218	50290	799	9888	97.3	65.2	65.2	65.2	1.7	1.0	290	14277262	12411498	51.3
Rhizopus_arrhizus_NRRL_A-16827	3266	38431066	972	251387	1989	11767.01	250	44346	1157	3721	97.3	66.6	66.6	66.6	1.7	1.0	290	14417060	13029489	50.8
Rhizopus_arrhizus_NRRL_A-17011	707	23906234	1001	280292	17663	33813.63	103	72003	338	19535	97.2	86.2	86.2	86.2	1.0	1.8	290	15434854	14374372	90.0
Rhizopus_arrhizus_NRRL_A-23526	2769	37720962	972	227782	2268	13622.59	243	46263	967	5854	97.2	64.8	64.8	64.8	1.7	1.1	290	13974456	12523635	49.8
Rhizopus_arrhizus_NRRL_A-26112	3344	38594188	992	198551	1946	11541.32	258	41855	1201	3398	97.3	64.5	64.5	64.5	1.7	1.0	290	14839488	13407232	52.1
Rhizopus_arrhizus_XY00429	3668	39041843	842	298974	1842	10643.90	249	44851	1335	2350	NA	NA	NA	NA	NA	NA	NA	NA	6188227	23.8
Rhizopus_arrhizus_XY00507	2283	35687628	990	208995	5098	15631.90	273	39913	970	8031	NA	NA	NA	NA	NA	NA	NA	NA	4661290	19.6
Rhizopus_arrhizus_XY01745	3386	37706457	1001	207463	2083	11135.99	296	36400	1299	4058	NA	NA	NA	NA	NA	NA	NA	NA	5400431	21.4
Rhizopus_arrhizus_XY01861	394	1079293	1007	21232	1741	2739.32	84	3398	312	1534	NA	NA	NA	NA	NA	NA	NA	NA	1728948	240.0
Rhizopus_arrhizus_XY01865	2297	36400007	998	234778	5060	15846.76	264	41878	972	7892	NA	NA	NA	NA	NA	NA	NA	NA	5384750	22.2
Rhizopus_arrhizus_XY01909	1846	36146676	637	264733	5981	19581.08	207	50565	750	10580	NA	NA	NA	NA	NA	NA	NA	NA	5929564	24.6
Rhizopus_arrhizus_XY01921	2821	37465846	974	299100	2223	13281.05	236	44814	970	5394	NA	NA	NA	NA	NA	NA	NA	NA	7036118	28.2
Rhizopus_arrhizus_XY02152	233	686847	1006	18735	1900	2947.84	48	4389	182	1668	NA	NA	NA	NA	NA	NA	NA	NA	1319536	287.7
Rhizopus_arrhizus_XY02848	2254	36567790	1000	207438	4882	16223.51	249	43777	929	8191	NA	NA	NA	NA	NA	NA	NA	NA	5895366	24.1
Rhizopus_arrhizus_var._arrhizus_NRRL_66674	3113	37278995	493	220605	1806	11975.26	223	53690	838	7055	98.0	65.2	65.2	65.2	1.0	1.0	290	8446718	7873933	31.7
Rhizopus_arrhizus_var._delemar_NRRL_5129	2616	37741882	1000	266031	2018	14427.32	217	52194	843	7452	97.6	66.9	66.9	66.9	1.4	1.0	290	15156576	13421210	53.3
Rhizopus_arrhizus_var._delemar_NRRL_66676	3304	37397199	349	259948	1765	11318.76	249	43653	978	6795	96.9	64.8	64.8	64.8	2.1	1.0	290	7438410	6898757	27.7
Rhizopus_artocarpi_NRRL_1799	3006	31017702	509	151132	4243	10318.60	401	23335	1481	4391	83.5	66.6	66.6	66.6	6.9	9.6	290	19614518	17714898	85.6
Rhizopus_azygosporus_NRRL_13165	7897	36123786	997	39202	3199	4574.37	1682	6724	5406	2086	76.6	62.1	62.1	62.1	15.9	7.5	290	6033834	5576664	23.2
Rhizopus_chinensis_NRRL_2906	6103	41492457	1000	70680	4444	6798.70	1157	10944	3822	3036	86.8	53.4	53.4	53.4	8.6	4.6	290	15203120	14221293	51.3
Rhizopus_chinensis_NRRL_2909	1683	36319666	1001	257091	8374	21580.31	204	53266	732	12887	96.5	64.1	64.1	64.1	2.4	1.1	290	23054842	20104657	83.0
Rhizopus_chinensis_NRRL_5190	663	24001116	1004	298317	19592	36200.78	99	82408	312	22742	97.9	87.6	87.6	87.6	1.0	1.1	290	16595658	15625992	97.6
Rhizopus_chinensis_Saito_NRRL_2905	6053	40344842	1000	61777	4296	6665.26	1124	10947	3786	2906	88.6	58.6	58.6	58.6	9.0	2.4	290	15123348	14175169	52.6
Rhizopus_chinensis_Saito_NRRL_3671	6926	39519811	1000	46480	3760	5706.01	1329	9021	4471	2431	85.2	63.1	63.1	63.1	10.3	4.5	290	10457126	9732309	36.9
Rhizopus_chinensis_var._liquefaciens_NRRL_2870	6239	40349647	1000	214177	3884	6467.33	1093	10979	3861	2634	86.6	60.0	60.0	60.0	8.6	4.8	290	13605626	12659229	47.0
Rhizopus_chungkuoensis_NRRL_2873	2393	37634165	831	238240	2780	15726.77	219	52370	835	7966	97.6	65.2	65.2	65.2	1.4	1.0	290	18905616	17099490	68.0
Rhizopus_circinans_NRRL_1475	617	29106983	585	411877	21254	47175.01	83	105078	263	32879	96.2	71.4	71.4	71.4	2.8	1.0	290	16188538	14997352	77.2
Rhizopus_circinans_NRRL_2913	1177	29885428	1004	346411	2270	25391.19	102	91461	346	20911	96.9	72.8	72.8	72.8	1.7	1.4	290	19193576	18021049	90.4
Rhizopus_circinans_NRRL_2917	622	29009718	1004	404383	20712	46639.42	83	109702	266	32182	96.9	72.8	72.8	72.8	1.7	1.4	290	7463834	6846416	35.4
Rhizopus_circinans_van_Tieghem_NRRL_13978	615	29069996	1004	340081	21604	47268.29	86	112738	265	31168	96.2	72.4	72.4	72.4	2.4	1.4	290	13338326	12398048	64.0
Rhizopus_cohnii_NRRL_1517	1961	36360777	1001	202275	5556	18541.96	231	46971	804	10412	97.6	65.9	65.9	65.9	1.4	1.0	290	16395534	14682674	60.5
Rhizopus_delemar_NRRL_1472	1728	32514733	1002	116903	15789	18816.40	374	30258	998	12050	99.3	79.0	79.0	79.0	0.3	0.4	290	12351450	11453472	52.8
Rhizopus_formosaensis_NRRL_2910	1739	36260974	609	252029	6983	20851.62	208	54681	728	11611	97.3	65.9	65.9	65.9	1.7	1.0	290	13445110	11520266	47.6
Rhizopus_formosaensis_NRRL_2911	1722	36146362	1001	199962	8937	20990.92	217	49501	764	11229	97.3	64.5	64.5	64.5	1.7	1.0	290	16336376	14720932	61.1
Rhizopus_formosaensis_NRRL_A-10180	1770	36195444	1001	292946	7023	20449.40	209	52282	754	11450	96.5	64.8	64.8	64.8	2.4	1.1	290	14936090	12284729	50.9
Rhizopus_hangchao_NRRL_2874	1724	36295683	903	290568	7149	21053.18	205	54991	721	11530	97.3	66.6	66.6	66.6	1.7	1.0	290	12291030	10969414	45.3
Rhizopus_hangchao_NRRL_5545	1784	36266192	1002	253540	7376	20328.58	213	49351	768	11289	96.2	64.8	64.8	64.8	2.8	1.0	290	15725344	13323815	55.1
Rhizopus_japonicus_NRRL_1898	1899	36163952	915	204476	6163	19043.68	222	49000	787	10150	98.0	65.2	65.2	65.2	1.0	1.0	290	16658258	14396655	59.7
Rhizopus_japonicus_NRRL_A-13076	2658	37899726	1000	243732	2223	14258.74	213	51242	898	6760	97.3	66.6	66.6	66.6	1.7	1.0	290	21265512	18807661	74.3
Rhizopus_liquefaciens_NRRL_1512	1902	36263047	1001	227504	5623	19065.75	208	51468	763	10681	96.5	64.1	64.1	64.1	2.8	0.7	290	14499086	12796019	52.9
Rhizopus_liquefaciens_NRRL_1514	1433	23555858	1006	432134	1837	16438.14	86	80530	342	10895	92.8	84.5	84.5	84.5	1.0	6.2	290	17845174	15894438	101.2
Rhizopus_liquefaciens_NRRL_1703	1383	34094308	1001	284285	7638	24652.43	151	69162	553	14880	96.2	63.8	63.8	63.8	2.1	1.7	290	14414608	12889996	56.7
Rhizopus_lyococcos_NRRL_1523	2117	35661559	1001	179002	5880	16845.33	265	41404	913	8700	96.9	67.2	67.2	67.2	2.1	1.0	290	5756720	5036019	21.2
Rhizopus_microsporus_NRRL_13129	1341	27792265	1001	339007	1885	20725.03	91	100905	326	17556	97.3	86.6	86.6	86.6	1.0	1.7	290	14586930	13899677	75.0
Rhizopus_microsporus_NRRL_5546	882	26459448	1002	369948	14381	29999.37	122	65766	406	17762	94.8	84.8	84.8	84.8	1.0	4.2	290	14655956	13501644	76.5
Rhizopus_microsporus_NRRL_5547	1438	25734175	1001	308304	1918	17895.81	113	68366	412	12376	94.5	82.8	82.8	82.8	1.4	4.1	290	11145364	9973115	58.1
Rhizopus_microsporus_NRRL_5548	681	23883582	1003	316376	13472	35071.34	83	84074	285	23869	91.4	82.4	82.4	82.4	1.4	7.2	290	19638276	17114984	107.3
Rhizopus_microsporus_NRRL_5550	668	23459832	1008	399345	14254	35119.51	85	84578	282	22391	91.8	82.8	82.8	82.8	2.4	5.8	290	15584170	13546531	86.5
Rhizopus_microsporus_NRRL_5551	1715	24532234	1001	241354	1899	14304.51	138	55198	513	7628	88.3	79.3	79.3	79.3	2.1	9.6	290	15152680	13056878	79.8
Rhizopus_microsporus_NRRL_5552	684	23525511	1003	301410	15667	34394.02	92	78477	298	22032	92.4	84.1	84.1	84.1	2.8	4.8	290	12899462	10982266	70.0
Rhizopus_microsporus_NRRL_5553	887	28246479	814	329532	14513	31844.96	121	72279	394	18341	98.0	85.9	85.9	85.9	1.0	1.0	290	14857160	14071326	74.7
Rhizopus_microsporus_NRRL_5554	1534	37391538	1001	436648	8370	24375.19	174	62815	629	14263	96.9	66.6	66.6	66.6	1.7	1.4	290	13032512	11651265	46.7
Rhizopus_microsporus_NRRL_5558	632	22639124	1007	332085	15427	35821.40	82	83661	274	21869	90.0	81.0	81.0	81.0	1.0	9.0	290	23383404	19433278	128.6
Rhizopus_microsporus_NRRL_A-17693	1828	44247691	1001	349875	6492	24205.52	183	73515	697	12044	97.2	84.8	84.8	84.8	2.1	0.7	290	23533434	22206652	75.2
Rhizopus_nigricans_Ehrenberg_NRRL_1477	3215	31550545	894	100171	5408	9813.54	507	18609	1819	4348	83.1	65.2	65.2	65.2	6.9	10.0	290	15182778	13741963	65.3
Rhizopus_nigricans_NRRL_3370	10964	65959824	998	161961	3040	6016.04	1423	11256	6756	2342	96.9	35.9	35.9	35.9	2.1	1.0	290	29007904	25603026	57.6
Rhizopus_nigricans_NRRL_3372	3204	31655248	1001	129287	5400	9879.92	499	19053	1804	4310	95.2	74.5	74.5	74.5	3.4	1.4	290	15497730	14182941	67.2
Rhizopus_nodosus_NRRL_1473	1929	36300285	1000	213937	7000	18818.19	246	45193	839	10323	97.3	65.9	65.9	65.9	1.7	1.0	290	14165816	12850881	53.1
Rhizopus_nodosus_NRRL_1474	2659	37996547	609	314072	2018	14289.79	218	51727	864	7068	97.3	65.2	65.2	65.2	1.7	1.0	290	22561252	20153215	79.5
Rhizopus_nodulosus_NRRL_1473	1939	35997596	1000	195258	6621	18565.03	249	45400	836	10627	96.5	64.8	64.8	64.8	2.1	1.4	290	8186698	7373975	30.7
Rhizopus_oligosporus_NRRL_6495	8196	39227457	1000	43914	3145	4786.17	1626	7388	5546	1933	78.6	62.4	62.4	62.4	15.9	5.5	290	10092284	9192147	35.1
Rhizopus_oligosporus_Saito_NRRL_5905	6245	38940835	1000	234085	3846	6235.52	1126	10411	3895	2573	85.5	60.7	60.7	60.7	10.0	4.5	290	14715900	13572445	52.2
Rhizopus_oligosporus_Saito_NRRL_A-26117	7253	40756491	1000	44086	3474	5619.26	1343	9297	4656	2149	86.2	62.1	62.1	62.1	8.6	5.2	290	15144402	13589729	49.9
Rhizopus_oligosporus_Saito_NRRL_A-26124	7312	41621612	1000	73831	3181	5692.23	1261	9821	4569	2079	88.3	59.7	59.7	59.7	7.9	3.8	290	14886542	13798044	49.7
Rhizopus_oryzae_NRRL_13098	3060	38221862	1001	229846	1911	12490.80	240	47152	1033	4947	96.9	65.5	65.5	65.5	1.7	1.4	290	10912030	9914572	38.8
Rhizopus_oryzae_NRRL_1549	1872	36659371	675	204821	5765	19583.00	213	53297	757	10974	97.3	65.2	65.2	65.2	1.7	1.0	290	14184622	12615961	51.6
Rhizopus_oryzae_NRRL_1550	1934	36803836	1000	220198	5800	19029.90	220	51376	782	10038	98.3	66.9	66.9	66.9	0.7	1.0	290	17403884	14739775	60.0
Rhizopus_oryzae_NRRL_2625	1695	36311049	609	300292	7787	21422.45	203	53803	718	11570	96.2	65.2	65.2	65.2	2.8	1.0	290	13991358	12934093	53.4
Rhizopus_oryzae_NRRL_2871	2516	37694710	1000	376592	2194	14982.00	211	52997	834	7941	97.2	66.9	66.9	66.9	1.7	1.1	290	14763112	12948633	51.5
Rhizopus_oryzae_NRRL_3133	2598	36023092	1000	165158	5362	13865.70	333	32491	1198	6531	96.9	66.9	66.9	66.9	1.7	1.4	290	6344742	5667439	23.6
Rhizopus_oryzae_NRRL_3613	1651	36329945	769	362372	7952	22004.81	202	55988	693	12286	97.3	65.9	65.9	65.9	1.4	1.3	290	19717976	17524649	72.3
Rhizopus_oryzae_NRRL_46180	1739	36398779	747	190911	7279	20930.87	214	53768	732	11578	97.6	66.2	66.2	66.2	1.4	1.0	290	16836608	30317847	124.8
Rhizopus_oryzae_NRRL_6202	1655	36216215	1001	251508	8025	21882.91	191	58892	694	11888	96.5	65.5	65.5	65.5	2.4	1.1	290	14664506	13006451	53.8
Rhizopus_oryzae_NRRL_62023	6019	71082624	987	125517	7039	11809.71	975	22319	3321	5730	96.2	26.9	26.9	26.9	2.4	1.4	290	16839314	15213880	32.1
Rhizopus_oryzae_NRRL_6400	1691	36321273	853	190766	7796	21479.17	205	53807	723	11780	97.3	65.2	65.2	65.2	1.4	1.3	290	19120298	16818439	69.4
Rhizopus_oryzae_NRRL_66569	3055	38260693	488	327263	1959	12523.96	234	48909	1003	4688	95.5	64.1	64.1	64.1	3.1	1.4	290	9666570	8344939	32.7
Rhizopus_oryzae_NRRL_A-11564	2726	37833198	1000	256599	2028	13878.65	220	51885	892	6535	96.6	66.6	66.6	66.6	2.1	1.3	290	10706400	9675142	38.3
Rhizopus_oryzae_NRRL_A-12640	2044	36394000	1000	192884	5570	17805.28	252	43897	848	9949	98.0	65.9	65.9	65.9	1.0	1.0	290	10467650	9267052	38.2
Rhizopus_oryzae_NRRL_A-12997	3118	37603076	983	267755	2251	12060.00	279	39108	1168	4507	97.9	65.5	65.5	65.5	1.0	1.1	290	11554692	10128674	40.4
Rhizopus_oryzae_Went_Prinsen_Geerlings_NRRL_3563	1750	36276062	609	277425	7368	20729.18	210	52441	746	11210	95.8	64.1	64.1	64.1	3.1	1.1	290	16561424	14708043	60.8
Rhizopus_peka_NRRL_1522	1911	36262529	1000	262911	6280	18975.68	226	49057	798	10656	97.2	64.1	64.1	64.1	1.7	1.1	290	16077576	14025517	58.0
Rhizopus_pseudochinensis_NRRL_2344	6328	43817016	993	91915	4166	6924.31	1105	11962	3828	2906	91.1	55.9	55.9	55.9	5.5	3.4	290	8098874	7758690	26.6
Rhizopus_reflexus_NRRL_A-16792	3197	31451448	1000	101412	5397	9837.80	498	19308	1794	4319	95.1	74.8	74.8	74.8	3.1	1.8	290	11884590	10718922	51.1
Rhizopus_reflexus_NRRL_A-18059	3400	31444336	997	89525	4892	9248.33	522	18019	1909	3934	95.5	75.2	75.2	75.2	3.4	1.1	290	10770238	9768312	46.5
Rhizopus_rhizopodiformis_Cohn_Zopf_NRRL_6258	675	24032919	1001	251051	18690	35604.32	96	80441	314	21673	98.0	86.6	86.6	86.6	0.7	1.3	290	16605738	15750404	98.3
Rhizopus_rhizopodiformis_NRRL_2570	674	23844941	1033	356791	18730	35378.25	98	72883	317	22044	97.5	87.2	87.2	87.2	1.0	1.5	290	15871962	14940320	94.0
Rhizopus_rhizopodiformis_NRRL_5189	675	24007287	1009	298343	19627	35566.35	100	75125	324	21732	97.9	86.2	86.2	86.2	1.0	1.1	290	16314330	15411592	96.3
Rhizopus_rhizopodiformis_NRRL_5556	683	24019622	990	309728	19424	35167.82	99	72056	323	22282	98.6	87.6	87.6	87.6	0.7	0.7	290	18680132	17698946	110.5
Rhizopus_rhizopodiformis_NRRL_6246	705	24012607	1007	284117	16503	34060.44	98	73987	322	21266	97.9	87.9	87.9	87.9	1.0	1.1	290	15757820	14962081	93.4
Rhizopus_rhizopodiformis_NRRL_6259	681	23780600	1009	308492	18892	34920.12	97	70999	321	21692	97.6	86.9	86.9	86.9	1.0	1.4	290	13366434	12631968	79.6
Rhizopus_rhizopodiformis_NRRL_6260	702	23796052	1000	325081	19303	33897.51	102	72355	334	21510	96.6	85.2	85.2	85.2	1.4	2.0	290	13451240	12610229	79.5
Rhizopus_rhizopodiformis_NRRL_6500	6336	40107736	1000	56466	3892	6330.14	1151	10793	3916	2624	88.0	62.8	62.8	62.8	7.9	4.1	290	15962768	15146681	56.6
Rhizopus_rhizopodiformis_NRRL_6501	6963	40869771	979	57228	3769	5869.56	1309	9579	4472	2428	85.2	59.0	59.0	59.0	12.1	2.7	290	11207906	10506860	38.5
Rhizopus_rhizopodiformis_NRRL_A-16034	755	23870574	1001	345706	16072	31616.65	107	68919	353	19303	97.2	86.2	86.2	86.2	1.4	1.4	290	11405840	10668479	66.9
Rhizopus_sp._NRRL_1524	1919	36234791	1000	217604	5478	18882.12	212	50614	772	10205	97.3	65.2	65.2	65.2	1.7	1.0	290	15527236	13447202	55.6
Rhizopus_sp._NRRL_1530	2264	36870148	1000	210450	5589	16285.40	253	42968	977	7987	97.2	67.2	67.2	67.2	1.4	1.4	290	14675372	13183596	53.5
Rhizopus_sp._NRRL_1539	2010	36733832	979	241306	5828	18275.54	233	48974	836	9567	97.9	64.8	64.8	64.8	0.7	1.4	290	13250150	11969251	48.8
Rhizopus_sp._NRRL_1543	2098	37041133	1001	204956	5290	17655.45	233	47792	864	9002	88.0	56.6	56.6	56.6	4.5	7.5	290	20694486	18475805	74.6
Rhizopus_sp._NRRL_1544	2164	37141785	1001	200361	5345	17163.49	252	46680	898	8880	96.9	66.2	66.2	66.2	1.7	1.4	290	23047180	20569743	82.9
Rhizopus_sp._NRRL_2934	1701	28456502	1004	257202	2654	16729.28	167	53187	593	9679	97.2	86.9	86.9	86.9	0.7	2.1	290	25873050	24016561	126.3
Rhizopus_sp._NRRL_3368	2708	37765374	1003	226112	2388	13945.85	244	45174	963	6325	98.2	64.8	64.8	64.8	1.0	0.8	290	25275228	22658617	89.9
Rhizopus_sp._NRRL_3373	2263	37505403	609	259124	4365	16573.31	235	48519	889	8335	97.3	66.6	66.6	66.6	1.4	1.3	290	16920034	15066956	60.2
Rhizopus_sp._NRRL_5857	6684	39868173	1000	48163	3794	5964.72	1257	9671	4252	2535	71.0	47.9	47.9	47.9	16.9	12.1	290	12255074	11469955	43.1
Rhizopus_sp._NRRL_A-10162	13673	30929960	994	14276	1793	2262.12	3923	2542	10932	1271	35.5	30.7	30.7	30.7	35.9	28.6	290	7864514	6753517	32.3
Rhizopus_sp._NRRL_A-10958	737	24227234	1001	298419	16532	32872.77	101	72179	341	19953	97.9	87.2	87.2	87.2	1.4	0.7	290	21910398	20834654	128.9
Rhizopus_sp._NRRL_A-11791	740	24467170	1005	283270	16323	33063.74	108	75009	347	18353	98.3	86.9	86.9	86.9	1.0	0.7	290	17325322	16315081	100.0
Rhizopus_sp._NRRL_A-16766A	5635	66819171	754	211048	5044	11857.88	692	26997	2820	5033	98.2	23.4	23.4	23.4	0.7	1.1	290	14738164	12928500	29.0
Rhizopus_sp._NRRL_A-17034	1003	24138555	1003	225697	13262	24066.36	150	47579	501	13337	96.6	87.6	87.6	87.6	2.4	1.0	290	20949090	19628305	120.6
Rhizopus_sp._NRRL_A-17388	5897	41007288	998	65182	4337	6953.92	1063	11787	3630	3008	88.3	59.7	59.7	59.7	8.6	3.1	290	16050320	15119736	55.3
Rhizopus_sp._NRRL_A-17389	6127	39889070	982	164216	3915	6510.38	1066	11091	3769	2653	90.0	65.2	65.2	65.2	8.3	1.7	290	15604204	14653182	55.0
Rhizopus_sp._NRRL_A-17473	7864	38280045	977	41434	3096	4867.76	1525	7666	5251	1967	80.3	61.0	61.0	61.0	14.1	5.6	290	8450478	7927631	31.0
Rhizopus_sp._NRRL_A-17548	1969	36170815	1000	216407	5517	18370.14	218	50021	802	9907	98.3	65.5	65.5	65.5	0.7	1.0	290	11119812	9619464	39.9
Rhizopus_sp._NRRL_A-18472	1940	36170794	1002	223049	5793	18644.74	221	48930	800	10035	86.6	55.9	55.9	55.9	4.8	8.6	290	13232314	11625406	48.2
Rhizopus_sp._NRRL_A-18714	1635	36245815	1000	298278	7863	22168.69	201	56128	692	12071	96.6	65.9	65.9	65.9	2.4	1.0	290	14245018	12719204	52.6
Rhizopus_sp._NRRL_A-21231	3394	38575075	992	231488	1949	11365.67	259	42595	1231	3344	97.6	65.5	65.5	65.5	1.7	0.7	290	10508224	9562135	37.1
Rhizopus_sp._NRRL_A-23913	1952	36137878	692	219724	5444	18513.26	234	48976	794	10341	97.6	65.5	65.5	65.5	1.4	1.0	290	12576226	11334219	47.0
Rhizopus_stolonifer_NRRL_1479	1737	36396485	831	272453	6972	20953.65	205	54002	729	11266	96.9	66.9	66.9	66.9	1.7	1.4	290	15341738	27342530	112.5
Rhizopus_stolonifer_NRRL_1480	2056	37026543	672	183232	6881	18009.02	258	45463	913	9350	96.9	66.2	66.2	66.2	2.1	1.0	290	25344746	22366090	90.6
Rhizopus_stolonifer_NRRL_1483	2691	37897062	609	307012	2065	14082.89	220	49960	898	6738	97.6	66.6	66.6	66.6	1.4	1.0	290	18131330	32207704	127.4
Rhizopus_stolonifer_NRRL_1519	3291	31588349	1000	117018	5235	9598.40	514	18463	1873	4197	94.4	74.1	74.1	74.1	3.8	1.8	290	15257696	13774263	65.4
Rhizopus_stolonifer_NRRL_54333	3308	31784990	704	104306	4993	9608.52	512	18223	1861	4165	96.5	75.5	75.5	75.5	2.1	1.4	290	17499206	16028883	75.6
Rhizopus_stolonifer_NRRL_54667	3095	31604391	1000	143424	5229	10211.43	456	20812	1698	4463	95.2	76.2	76.2	76.2	3.4	1.4	290	15833720	14466171	68.6
Rhizopus_stolonifer_NRRL_66454	3098	31561850	1000	117105	5434	10187.81	479	20019	1712	4522	97.3	77.6	77.6	77.6	1.7	1.0	290	14500466	13411390	63.7
Rhizopus_stolonifer_NRRL_66455	3215	31606959	949	84084	5215	9831.09	502	19141	1793	4317	94.2	74.5	74.5	74.5	4.1	1.7	290	11730980	10597510	50.3
Rhizopus_stolonifer_NRRL_66456	3205	31632526	1000	105586	5492	9869.74	500	19084	1808	4344	95.5	75.5	75.5	75.5	3.1	1.4	290	16234220	14866680	70.4
Rhizopus_stolonifer_NRRL_66457	3255	31463459	821	84457	5347	9666.19	522	18228	1868	4200	94.8	74.8	74.8	74.8	3.8	1.4	290	13443040	12236735	58.3
Rhizopus_stolonifer_NRRL_66458	3296	31352859	1000	78515	5107	9512.40	521	18517	1852	4125	93.5	71.4	71.4	71.4	4.8	1.7	290	9336948	8363304	40.0
Rhizopus_stolonifer_NRRL_66459	3273	31506947	1000	105965	5283	9626.32	517	18093	1856	4205	95.5	76.2	76.2	76.2	3.1	1.4	290	14242242	12932082	61.5
Rhizopus_stolonifer_NRRL_66460	2955	30894664	960	118263	3941	10455.05	376	23318	1413	4390	96.9	76.6	76.6	76.6	1.4	1.7	290	11763892	10326715	50.1
Rhizopus_thermosus_Yamamoto_NRRL_2862	1720	36441808	1000	266344	7279	21187.10	207	55111	728	10853	95.9	64.5	64.5	64.5	3.1	1.0	290	19362658	17279944	71.1
Rhizopus_tritici_NRRL_1476	2090	36384627	1000	190877	6109	17408.91	257	44230	899	9325	95.9	66.2	66.2	66.2	2.4	1.7	290	19996148	17837796	73.3
Rhizopus_tritici_NRRL_1529	1910	36742427	1000	241984	6032	19236.87	233	49223	787	9984	97.9	65.5	65.5	65.5	1.0	1.1	290	22689854	20399412	83.2
Siphonaria_sp._JEL0065	4500	45340038	1000	185732	5727	10075.56	704	18642	2552	4570	NA	NA	NA	NA	NA	NA	NA	NA	3981558	13.2
Spiromyces_aspiralis_RSA_2271	10284	20085164	499	93311	1251	1953.05	1983	2636	7360	872	65.9	65.2	65.2	65.2	27.9	6.2	290	16952092	15940126	119.0
Sporodiniella_umbellata_FLAS-F-62758	2490	27362901	739	135341	3574	10989.12	276	29247	1124	4470	NA	NA	NA	NA	NA	NA	NA	NA	3955356	21.6
Syncephalastrum_racemosum_CBS_440.59+	1865	29839718	557	733261	1494	15999.85	52	175026	237	14607	97.5	83.4	83.4	83.4	1.0	1.5	290	6880264	6014208	30.2
Syncephalastrum_racemosum_CBS_441.59-	1971	56952680	1005	310440	14690	28895.32	281	61619	928	16890	97.3	34.5	34.5	34.5	1.0	1.7	290	7122240	6728708	17.7
Syncephalastrum_sp._NRRL_1487	462	25859523	1012	498706	25377	55972.99	63	133486	197	36504	96.5	83.1	83.1	83.1	2.8	0.7	290	16445056	16094504	93.2
Syncephalastrum_sp._NRRL_1505	302	26032366	1002	898083	5560	86199.89	26	307232	85	74417	96.6	82.8	82.8	82.8	2.8	0.6	290	14060458	13718161	78.7
Syncephalastrum_sp._NRRL_A-15186	610	27655566	1000	422803	7913	45336.99	61	140945	209	35176	96.9	83.8	83.8	83.8	1.7	1.4	290	11806172	11496258	62.2
Syncephalastrum_sp._NRRL_A-23572	741	27980349	1001	605020	2852	37760.26	58	137192	202	34392	97.3	84.5	84.5	84.5	1.4	1.3	290	14247246	13766633	73.7
Syncephalastrum_verruculosum_RSA_2127	1332	28892203	500	602528	1919	21690.84	64	127152	258	19005	97.2	84.1	84.1	84.1	2.1	0.7	290	42623346	39493788	136.6
Syzygites_megalocarpus	420	25587876	1009	462298	25771	60923.51	54	144719	183	38675	96.2	80.3	80.3	80.3	2.8	1.0	290	6137698	5739761	33.6
Syzygites_sp._MES_3091	400	25695682	502	451672	24748	64239.21	49	176563	157	45328	96.5	79.3	79.3	79.3	2.8	0.7	290	8964558	8351558	48.7
Thamnostylum_lucknowense_RSA_1015+T	2131	41283438	968	293701	4729	19372.80	219	56982	792	10550	96.9	84.8	84.8	84.8	2.4	0.7	290	5371840	5007787	18.2
Thamnostylum_lucknowense_RSA_1093-	876	40608459	1007	536990	16074	46356.69	104	123127	346	29210	97.3	84.5	84.5	84.5	2.1	0.6	290	7899112	7368932	27.2
Thamnostylum_nigricans_RSA_1405-	1128	35153524	1000	605326	3923	31164.47	84	126373	309	25600	96.2	82.8	82.8	82.8	3.4	0.4	290	6830928	6507786	27.8
Thamnostylum_nigricans_RSA_1406	1665	34855083	500	559243	1915	20933.98	98	101079	364	20997	95.2	80.7	80.7	80.7	4.1	0.7	290	14119176	13583446	38.9
Thamnostylum_piriforme_NRRL_A-21589	1976	36473795	995	329675	3473	18458.40	143	75924	631	8072	97.9	84.5	84.5	84.5	1.4	0.7	290	13977184	13136084	53.9
Thamnostylum_piriforme_RSA_251	2601	34232787	500	308536	1747	13161.39	189	50695	725	9752	97.9	84.1	84.1	84.1	1.0	1.1	290	11921390	10754169	31.4
Thamnostylum_repens_RSA_459+	1753	35548660	501	439823	1677	20278.76	134	81134	452	19848	97.2	83.1	83.1	83.1	2.4	0.4	290	18203928	17389995	73.3
Thamnostylum_repens_Tieghem_Upadhyay_NRRL_6240	1908	34824475	1000	168148	10221	18251.82	291	37535	893	12426	98.6	80.0	80.0	80.0	0.7	0.7	290	18098416	9033078	38.8
Umbelopsis_ovata_NRRL_13127T	534	23707894	1005	471025	25673	44396.81	80	88788	264	26100	96.9	87.2	87.2	87.2	2.8	0.3	290	6395566	6263573	39.6
Zygorhynchus_exponens_NRRL_1492	2531	38268788	495	177374	6023	15120.03	326	37231	1047	10150	98.0	79.0	79.0	79.0	1.4	0.6	290	12614652	11860001	46.5
Zygorhynchus_exponens_var._smithii_NRRL_2572T	2396	37778778	978	157017	9298	15767.44	389	29870	1288	8224	97.3	79.7	79.7	79.7	1.7	1.0	290	7081852	6332488	25.1
Zygorhynchus_heterogamus_Vuillemin_NRRL_1489	13284	40471709	974	33346	2239	3046.65	3149	3883	9916	1453	62.4	52.1	52.1	52.1	28.3	9.3	290	12043254	10272935	38.0
Zygorhynchus_macrocarpus_NRRL_2663	4642	60168376	500	242594	2469	12961.74	438	41509	1552	9081	97.3	68.3	68.3	68.3	2.1	0.6	290	17907634	16074232	40.1
Zygorhynchus_moelleri_NRRL_1498	684	36017346	1002	404062	30456	52656.94	99	114285	327	33215	98.3	81.4	81.4	81.4	1.0	0.7	290	16357430	15445645	64.3
Zygorhynchus_moelleri_Vuillemin_NRRL_1497	1523	37233253	1000	361066	1655	24447.31	120	93421	401	26032	98.6	81.0	81.0	81.0	0.3	1.1	290	14798910	14006371	56.4
